agency_id,agency_business_entity_name,client_name
594,23D pty ltd,Queensland Drilling Services
442,4514 Avenue D Pty Ltd,Premier PR
442,4514 Avenue D Pty Ltd,The Agenda Group (NSW) Pty Ltd
442,4514 Avenue D Pty Ltd,Staging Connections Group Limited
442,4514 Avenue D Pty Ltd,Henry Davis York
442,4514 Avenue D Pty Ltd,The Trustee for Bell Communications Unit Trust
362,89 Degrees East Pty Ltd,Australian News Channel
362,89 Degrees East Pty Ltd,Brotherhood of St Laurence
362,89 Degrees East Pty Ltd,Raising Children Network
362,89 Degrees East Pty Ltd,Skinny Fish Music
362,89 Degrees East Pty Ltd,Reconciliation Australia
362,89 Degrees East Pty Ltd,Supply Nation
362,89 Degrees East Pty Ltd,Truth Justice and Healing Council
362,89 Degrees East Pty Ltd,National Disability and Carer Alliance
271,A D Evers-Buckland,Geoffrey R M Howard
271,A D Evers-Buckland,Con Sarrou
271,A D Evers-Buckland,Jerry Palarinosâ
271,A D Evers-Buckland,Association of Liquor Licensees Melbourne
36,Aegis Consulting Group Pty Ltd,EdenRed
36,Aegis Consulting Group Pty Ltd,Global Renewables
36,Aegis Consulting Group Pty Ltd,Ardent Leisure 
36,Aegis Consulting Group Pty Ltd,Novartis Pharmaceuticals 
36,Aegis Consulting Group Pty Ltd,One80TC
522,Alex Gosman Consulting,Australian Self Medication Industry
522,Alex Gosman Consulting,Pharmaceutical Industry Council
104,Alkar Pty Ltd,NT Airports
104,Alkar Pty Ltd,Galbraith & Co.
104,Alkar Pty Ltd,Rakso Australia
104,Alkar Pty Ltd,Converga 
104,Alkar Pty Ltd,Aviation/Aerospace Australia
415,APS Networking Pty Ltd,Clubs Australia
588,Argos Consulting,Phoenix Compliance Management Pty Ltd
588,Argos Consulting,Daily Update Pty Ltd
499,Asia Pacific Corporation Pty Ltd,Australia Pacific LNG
499,Asia Pacific Corporation Pty Ltd,Bay Technologoes
499,Asia Pacific Corporation Pty Ltd,Marketplace Communications
379,assetpr,McCain Foods
379,assetpr,Institute for Legal Reform
315,AULCON consulting,aurora bioscience
315,AULCON consulting,uptake medical
315,AULCON consulting,LEO pharmaceuticals
63,AusAccess Unit Trust,Samsung Techwin
63,AusAccess Unit Trust,Global Defence Industries
63,AusAccess Unit Trust,TECC Pty Ltd
63,AusAccess Unit Trust,Aboriginal AG-Arts Residency Kenmore Limited
63,AusAccess Unit Trust,Genesys Labs
63,AusAccess Unit Trust,Dataflex
63,AusAccess Unit Trust,Berrigan District Aged Care Association
590,Australia-China Associates Pty Ltd,Macquarie Grammar School Ltd
590,Australia-China Associates Pty Ltd,Macquarie Business School Pty Ltd
233,Australian Industry Involvement Services,General Electric Aviation
233,Australian Industry Involvement Services,Fuji Xerox Australia
233,Australian Industry Involvement Services,Redback Boot Company
234,Australian Project Developments Pty. Ltd.,Eastern Region Alliance
234,Australian Project Developments Pty. Ltd.,Campbelltown City Council
234,Australian Project Developments Pty. Ltd.,Cape York Sustainable Futures
234,Australian Project Developments Pty. Ltd.,Dickson Tradies Inc.
234,Australian Project Developments Pty. Ltd.,City of Playford
234,Australian Project Developments Pty. Ltd.,HydroSun Ltd
234,Australian Project Developments Pty. Ltd.,Adelaide City Council
234,Australian Project Developments Pty. Ltd.,Hills Shire Council
234,Australian Project Developments Pty. Ltd.,Alexandrina Council
234,Australian Project Developments Pty. Ltd.,Moira Shire Council
234,Australian Project Developments Pty. Ltd.,Wakefield Group
45,Australian Public Affairs Limited Partnership,Australian Publishers Association
45,Australian Public Affairs Limited Partnership,Stamford Property Services Pty Ltd
45,Australian Public Affairs Limited Partnership,Cabcharge Australia
45,Australian Public Affairs Limited Partnership,Tenix Solutions Pty Ltd
45,Australian Public Affairs Limited Partnership,Tenix Alliance Pty Ltd
45,Australian Public Affairs Limited Partnership,Ports Australia
45,Australian Public Affairs Limited Partnership,Crime Stoppers NSW
45,Australian Public Affairs Limited Partnership,Procter and Gamble Australia Pty Ltd
45,Australian Public Affairs Limited Partnership,Riverina Oils and BioEnergy Pty Ltd
45,Australian Public Affairs Limited Partnership,Whitehaven Coal Limited
45,Australian Public Affairs Limited Partnership,Aviagen Australia Pty Ltd
45,Australian Public Affairs Limited Partnership,Aviagen NZ Ltd
45,Australian Public Affairs Limited Partnership,Copyright Agency Limited
45,Australian Public Affairs Limited Partnership,Viscopy Limited
45,Australian Public Affairs Limited Partnership,Mondelez Australia Pty Ltd
45,Australian Public Affairs Limited Partnership,United Technologies Australia
45,Australian Public Affairs Limited Partnership,Carrier Air Conditioning Pty Ltd
45,Australian Public Affairs Limited Partnership,Australian Beverages Council
45,Australian Public Affairs Limited Partnership,Elementus Energy Pty Limited
135,Australian Spectrum Consultants Pty Ltd,Globalstar Inc
135,Australian Spectrum Consultants Pty Ltd,Qualcomm International
135,Australian Spectrum Consultants Pty Ltd,Pivotel Group Pty Ltd
135,Australian Spectrum Consultants Pty Ltd,PoleStar SA
42,Aviops Pty Ltd acting as trustee for the McCormack Family Trust,Chemring Australia Pty Ltd
42,Aviops Pty Ltd acting as trustee for the McCormack Family Trust,General Electric Aviation
42,Aviops Pty Ltd acting as trustee for the McCormack Family Trust,Quickstep Holdings Ltd
366,Baber Peters,Noor Foundation
366,Baber Peters,Pakistan All Churches Council
366,Baber Peters,Australian Association of Pakistani Christians Inc.
413,BAE Systems Australia Limited,ITT Excelis
513,Barry Charles Matson,FE Technologies
513,Barry Charles Matson,Spectrovation.Com LLC
513,Barry Charles Matson,The Trustee for the Reed Licensing Trust
139,Bartholomew Quinn and Associates,Waterfront Business Community
139,Bartholomew Quinn and Associates,Shaw Contracting
139,Bartholomew Quinn and Associates,Norske Skog
139,Bartholomew Quinn and Associates,Wallenius Wilhelmsen Logistics
338,Barton Deakin ,Navitas
338,Barton Deakin ,Corrs Chambers Westgarth
338,Barton Deakin ,Association of Independent Schools
338,Barton Deakin ,Apple
338,Barton Deakin ,Fujitsu
338,Barton Deakin ,Bombardier
338,Barton Deakin ,Yellow Edge
338,Barton Deakin ,St Vincent's Health Australia
338,Barton Deakin ,Motorola
338,Barton Deakin ,Federation of Aids Organisations
338,Barton Deakin ,PwC
338,Barton Deakin ,Total Environment Centre
338,Barton Deakin ,Adobe
338,Barton Deakin ,AIME Mentoring
338,Barton Deakin ,Complementary Healthcare Council of Australia
338,Barton Deakin ,CUB Pty Ltd
338,Barton Deakin ,Indue
338,Barton Deakin ,Harness Racing Australia Inc
338,Barton Deakin ,Leighton Holdings Limited
338,Barton Deakin ,nib Health Funds Limited 
338,Barton Deakin ,Cure for Life Foundation
338,Barton Deakin ,Camp Quality
338,Barton Deakin ,Hutchison Ports Australia
338,Barton Deakin ,Open Universities Australia
338,Barton Deakin ,Aspen Medical
338,Barton Deakin ,Playtika Ltd
338,Barton Deakin ,International Social Games Coalition
338,Barton Deakin ,Domain Principal Group
338,Barton Deakin ,Trility
338,Barton Deakin ,Australian Centre for Healthcare Governance
338,Barton Deakin ,Canada Pension Plan Investment Board
338,Barton Deakin ,Silcar
338,Barton Deakin ,Object Consulting 
338,Barton Deakin ,ViiV Healthcare
338,Barton Deakin ,Medibank Health Solutions Pty Ltd
338,Barton Deakin ,Crown Castle Australia Pty Limited
338,Barton Deakin ,Healthscope Limited
338,Barton Deakin ,Northgate Public Services Pty Ltd
338,Barton Deakin ,Royal Agricultural Society of NSW
338,Barton Deakin ,Yum! Restaurants Australia Pty Limited 
338,Barton Deakin ,Knauf Insulation Pty Ltd
338,Barton Deakin ,Hemp Foods Australia Pty Ltd 
338,Barton Deakin ,Alinta Energy Retail Sales Pty Ltd 
338,Barton Deakin ,The Song Room Inc 
338,Barton Deakin ,McDonald's Australia Ltd
338,Barton Deakin ,Australia Health Tourism Pty Ltd 
338,Barton Deakin ,RMIT University 
338,Barton Deakin ,Australian Council for International Development
338,Barton Deakin ,Corning Cable Systems Pty Ltd 
338,Barton Deakin ,Opower
338,Barton Deakin ,Settlement Services International 
338,Barton Deakin ,Uranium One Australia Pty Ltd
338,Barton Deakin ,The Caravan Camping & Touring Industry & Manufactured Housing Industry Association of NSW Ltd
338,Barton Deakin ,Caravan; RV & Accommodation Industry of Australia Ltd
338,Barton Deakin ,Citigroup Pty Limited
338,Barton Deakin ,Australian Private Hospitals Association Limited
338,Barton Deakin ,Foodbank NSW Limited 
342,Bavaria Corporation Pty Ltd,Haigslea Finance Group Ltd
186,BBS Communications Group Pty Ltd,Queensland Brain Institute
583,BDaaS Consulting Pty Ltd,ServiceMesh
583,BDaaS Consulting Pty Ltd,K2 Knowledge Solutions
583,BDaaS Consulting Pty Ltd,NextGen Distribution
583,BDaaS Consulting Pty Ltd,Violin Memory
583,BDaaS Consulting Pty Ltd,Mellanox
583,BDaaS Consulting Pty Ltd,MapR
162,Belman Consulting Pty Ltd,Tenix Pty Limited
196,Bernard J Eades,The Australian Institute of Export
196,Bernard J Eades,Australian Made Campaign Ltd
597,Birney Corporate Pty Ltd,Mondotalk
110,Bluegrass Consulting Pty Ltd,iTIC Australia Pty Ltd
110,Bluegrass Consulting Pty Ltd,Friends of Collector
110,Bluegrass Consulting Pty Ltd,GPT Group 
110,Bluegrass Consulting Pty Ltd,Reliance Rail 
12,Border Management Advisory Services Pty Ltd,Datacom Systems (ACT) Pty Ltd
12,Border Management Advisory Services Pty Ltd,Freudenberg Filtration Technologies (Aust) Pty Ltd
6,Bramex Pty Ltd,Iridium Satellite LLC and Iridium Subsidiary Corporations
6,Bramex Pty Ltd,HCJB Global Voice Australia
6,Bramex Pty Ltd,Mr Dick Smith
485,Brendan Darcy Strategic Consultancy,ITEC EMPLOYMENT (MY PATHWAYS)
485,Brendan Darcy Strategic Consultancy,COMMUNITY ENTERPRISES AUSTRALIA LTD
485,Brendan Darcy Strategic Consultancy,MIGRATION ALLIANCE
310,Broadcasting & Radio Technology Services,Commercial Radio Australia Limited
310,Broadcasting & Radio Technology Services,Southern Cross Austereo
549,BRUNSWICK MEDIA & STRATEGIC PTY. LTD.,Chiropractorsâ Association of Australia (National)
131,BTelecom Pty Ltd,Digital River Networks Pty Ltd
131,BTelecom Pty Ltd,Dragnet Internet Services Pty Ltd
131,BTelecom Pty Ltd,Chamberlains SBR Chartered Accountants
131,BTelecom Pty Ltd,Smart Coal Preparation Pty Ltd 
524,Burke Denis Gabriel,Halikos Group
88,Burson-Marsteller Pty. Ltd.,Huawei Technologies
88,Burson-Marsteller Pty. Ltd.,Qualcomm
88,Burson-Marsteller Pty. Ltd.,HP
88,Burson-Marsteller Pty. Ltd.,Peabody Energy
52,Bush Consulting Services Pty Ltd,SAP
52,Bush Consulting Services Pty Ltd,Australian Home Entertainment Distributors Association
52,Bush Consulting Services Pty Ltd,Fujitsu
52,Bush Consulting Services Pty Ltd,Telstra
52,Bush Consulting Services Pty Ltd,Davidson Kempner Asia Ltd
438,Butcher and Co Pty Ltd,Telstra Corporation Limited
438,Butcher and Co Pty Ltd,The Association of Australian Medical Research Institutes
438,Butcher and Co Pty Ltd,Westpac Banking Corporation
438,Butcher and Co Pty Ltd,GM Holden Ltd
438,Butcher and Co Pty Ltd,Lend Lease Corporation Limited 
257,CAMCOM _ CAMPAIGN COMMUNICATIONS,Australian Volunteer Coast Guard
257,CAMCOM _ CAMPAIGN COMMUNICATIONS,Volunteer Fire Brigades Victoria
257,CAMCOM _ CAMPAIGN COMMUNICATIONS,Staindl Strategic
553,Campaign Capital,Queensland Aboriginal and Islander Health Council
556,Capital Hill Advisory Pty Ltd,The Interact Group Pty Ltd
556,Capital Hill Advisory Pty Ltd,Stuart Alexander and Co Pty Ltd
556,Capital Hill Advisory Pty Ltd,Amgen Australia Pty Ltd
556,Capital Hill Advisory Pty Ltd,Packaging Stewardship Forum
556,Capital Hill Advisory Pty Ltd,Saputo Inc.
556,Capital Hill Advisory Pty Ltd,Norton Rose Fulbright Australia
556,Capital Hill Advisory Pty Ltd,Unity Resources Group Pty Ltd
601,Catherine McGovern,Australasian College of Podiatric Surgeons
27,Cato Counsel Pty Ltd,Pacific Brands
27,Cato Counsel Pty Ltd,Transgrid
191,"Cemdia Pty, Ltd",NBNCo
265,CGP solutions,INMARSAT Global Limited
265,CGP solutions,ViaSat Inc
265,CGP solutions,NewSat Limited
265,CGP solutions,Motorola Solutions Inc
157,Chikarovski & Associates Pty Ltd,Association of Financial Advisers Ltd
157,Chikarovski & Associates Pty Ltd,The MAC Group
157,Chikarovski & Associates Pty Ltd,Stirling Bridge Capital Ltd
157,Chikarovski & Associates Pty Ltd,Australian Modern Dairy
157,Chikarovski & Associates Pty Ltd,Supercharge Batteries
157,Chikarovski & Associates Pty Ltd,Food Orbit
157,Chikarovski & Associates Pty Ltd,Tender Loving Cuisine
113,CHRIS SCHACHT,PILATUS
113,CHRIS SCHACHT,Vipac
113,CHRIS SCHACHT,Liebherr Australia
215,"Clark, Kerren G",BioGrid
215,"Clark, Kerren G",Speech Pathology Australia
215,"Clark, Kerren G",Australian Practice Nurses Association
475,Clifton Consulting Services Pty Ltd,Mecrus Pty Ltd
475,Clifton Consulting Services Pty Ltd,AquaSure Pty Ltd
79,CMAX Communications,Australian Coal Association
79,CMAX Communications,Grains Council of Australia
79,CMAX Communications,Peabody Energy Australia
79,CMAX Communications,Pegasus Riding for the Disabled
79,CMAX Communications,L3 Nautronix
79,CMAX Communications,Stryker 
79,CMAX Communications,Fortescue Metals Group 
79,CMAX Communications,Association Mining and Exploration Companies
79,CMAX Communications,Send Hope Not Flowers
79,CMAX Communications,Recurrent Energy
79,CMAX Communications,Northrop Grumman International
79,CMAX Communications,Saab Systems
79,CMAX Communications,Oracle Australia
472,Comsult(Aust) Pty Ltd,AsiaSpace Ltd
472,Comsult(Aust) Pty Ltd,O3b
472,Comsult(Aust) Pty Ltd,OmniSpace
142,Consilium International Group Pty Ltd,SAP Australia
142,Consilium International Group Pty Ltd,Senetas
585,Corporate Health Services,Professional Opinions
18,Corporate Words Australia Pty Limited,MEO Australia Limited
18,Corporate Words Australia Pty Limited,Terrajoule Australis Pty Ltd
545,Corpwrite Public Affairs ,Vertex Pharmaceuticals (Australia) Pty Ltd
154,Cosway Australia Pty Ltd,Landis+Gyr
154,Cosway Australia Pty Ltd,Virgin Group
154,Cosway Australia Pty Ltd,Fletcher Building
154,Cosway Australia Pty Ltd,Energy Developments
154,Cosway Australia Pty Ltd,Wet'n'Wild Sydney
154,Cosway Australia Pty Ltd,Elders Group Ltd
154,Cosway Australia Pty Ltd,Lend Lease Retirement living
154,Cosway Australia Pty Ltd,First State Super / FSS Trustee Corporation
154,Cosway Australia Pty Ltd,Sinclair Knight Merz
160,Cotterell Jannette Suzanne,The Australian and New Zealand Association of Oral and Maxillofacial Surgeons
160,Cotterell Jannette Suzanne,Private Cancer Physicians of Australia
160,Cotterell Jannette Suzanne,Genworth Financial
160,Cotterell Jannette Suzanne,Community Pharmacy Chemotherapy Services Group
160,Cotterell Jannette Suzanne,National Association of Specialist Obstetricians and Gynaecologists
160,Cotterell Jannette Suzanne,Australian Diagnostic Imaging Association
160,Cotterell Jannette Suzanne,Australian Aged Care Association
160,Cotterell Jannette Suzanne,Childcare Queensland
160,Cotterell Jannette Suzanne,Royal Australian and New Zealand College of Radiologists
160,Cotterell Jannette Suzanne,Professionals for Safe Cancer Treatment
160,Cotterell Jannette Suzanne,Childcare NSW
160,Cotterell Jannette Suzanne,Childcare WA
160,Cotterell Jannette Suzanne,Generic Medicines Industry Association
160,Cotterell Jannette Suzanne,Australian and International Pilots' Association
160,Cotterell Jannette Suzanne,Pharmaceutical Industry Council
160,Cotterell Jannette Suzanne,Australian Childcare Alliance
160,Cotterell Jannette Suzanne,Australian Technology Network (of universities)
160,Cotterell Jannette Suzanne,canSpeak Australia (pro bono)
160,Cotterell Jannette Suzanne,Medical Oncology Group of Australia
160,Cotterell Jannette Suzanne,Pharmaceutical Industry Council
160,Cotterell Jannette Suzanne,Gas Energy Australia
160,Cotterell Jannette Suzanne,Alphapharm
160,Cotterell Jannette Suzanne,Childcare SA
160,Cotterell Jannette Suzanne,Leukaemia Foundation
160,Cotterell Jannette Suzanne,Australian Technology Network
160,Cotterell Jannette Suzanne,Carers Australia
160,Cotterell Jannette Suzanne,BioCSL Pty Ltd
160,Cotterell Jannette Suzanne,HWL Ebsworth Lawyers
403,Covance Pty Ltd (Covance Market Access Services division),Fresenius Kabi Australia Pty Limited
329,Cox Inall Communications,Sydney Fish Market
81,CPR Communications & Public Relations Pty Ltd,Nextgen
81,CPR Communications & Public Relations Pty Ltd,Brisbane Airport Corporation
81,CPR Communications & Public Relations Pty Ltd,Macquarie Telecom
81,CPR Communications & Public Relations Pty Ltd,Competitive Carriers Coalition
81,CPR Communications & Public Relations Pty Ltd,La Trobe University
81,CPR Communications & Public Relations Pty Ltd,Google Australia
81,CPR Communications & Public Relations Pty Ltd,AAPT
81,CPR Communications & Public Relations Pty Ltd,The Cooperative Research Centres Association
81,CPR Communications & Public Relations Pty Ltd,Alcatel Lucent
81,CPR Communications & Public Relations Pty Ltd,OzHub
81,CPR Communications & Public Relations Pty Ltd,Facebook
81,CPR Communications & Public Relations Pty Ltd,CRC for Infrastructure Engineering Asset Management (CIEAM)
81,CPR Communications & Public Relations Pty Ltd,Cozero
81,CPR Communications & Public Relations Pty Ltd,Regional Cities Victoria
81,CPR Communications & Public Relations Pty Ltd,AMES
81,CPR Communications & Public Relations Pty Ltd,COTA Australia
81,CPR Communications & Public Relations Pty Ltd,Council of Small Business of Australia 
81,CPR Communications & Public Relations Pty Ltd,Baker IDI
81,CPR Communications & Public Relations Pty Ltd,Special Transport Solutions
81,CPR Communications & Public Relations Pty Ltd,Australian Secondary Principals Association
81,CPR Communications & Public Relations Pty Ltd,Australian CleanTech
81,CPR Communications & Public Relations Pty Ltd,Gold Age Aged Care
81,CPR Communications & Public Relations Pty Ltd,Greater Shepparton City Council
81,CPR Communications & Public Relations Pty Ltd,City of Wodonga
81,CPR Communications & Public Relations Pty Ltd,Wyndham City Council
81,CPR Communications & Public Relations Pty Ltd,Pacnet
81,CPR Communications & Public Relations Pty Ltd,Hume Alliance
81,CPR Communications & Public Relations Pty Ltd,Hire and Rental Industry Association
81,CPR Communications & Public Relations Pty Ltd,Zuffa LLC
81,CPR Communications & Public Relations Pty Ltd,Australian Primary Principals Association
99,Craigleed Pty Ltd,Singapore Airlines Ltd
193,CRAKYL Pty Ltd,Future School
193,CRAKYL Pty Ltd,Just Excellence Investments Pty Ltd
193,CRAKYL Pty Ltd,Rainbowforce Pty Ltd
193,CRAKYL Pty Ltd,Manns Homeworld
193,CRAKYL Pty Ltd,Gibbens Industries
193,CRAKYL Pty Ltd,Mainpac Pty Ltd
105,CreditWise Pty Ltd,Australian Finance Conference
580,Crosby Textor Research Strategies Results,Almona Pty Ltd
580,Crosby Textor Research Strategies Results,Australian Petroleum Production and Exploration Association Ltd (APPEA)
580,Crosby Textor Research Strategies Results,Australian Rugby League Commission Limited
580,Crosby Textor Research Strategies Results,Benedict Recycling Pty Ltd
580,Crosby Textor Research Strategies Results,Beta Renewables
580,Crosby Textor Research Strategies Results,BlackBerry Australia Pty Ltd
580,Crosby Textor Research Strategies Results,Gruppo Pizzarotti
580,Crosby Textor Research Strategies Results,M and G Group
580,Crosby Textor Research Strategies Results,Brenex Australia Pty Ltd
580,Crosby Textor Research Strategies Results,Corporate Health Services Pty Ltd
580,Crosby Textor Research Strategies Results,Cape York Group Limited
580,Crosby Textor Research Strategies Results,Leda Holdings Pty Ltd
580,Crosby Textor Research Strategies Results,Mortlake Consolidated Pty Ltd
580,Crosby Textor Research Strategies Results,Parramatta Leaguesâ Club Ltd
580,Crosby Textor Research Strategies Results,QGC Pty Ltd
580,Crosby Textor Research Strategies Results,Reconciliation Australia Limited
580,Crosby Textor Research Strategies Results,Taemas Group Pty Ltd
580,Crosby Textor Research Strategies Results,Urban Development Institute of Australia (New South Wales Division)
580,Crosby Textor Research Strategies Results,Amy Gillett Foundation
580,Crosby Textor Research Strategies Results,Plenary Group
580,Crosby Textor Research Strategies Results,Free TV Australia Ltd
345,CSR Limited,Wilmar Sugar Australia Limited
345,CSR Limited,Sugar Australia Limited
153,Cultural Consulting,The Australian Boys Choral Institute
386,Currie Communications,Global Change Institute
386,Currie Communications,Wheat Quality Australia
10,Cynergy Pty Ltd,Solastor Pty Ltd
10,Cynergy Pty Ltd,Lloyd Energy Systems Pty Ltd
10,Cynergy Pty Ltd,Sentinel Pty Ltd
10,Cynergy Pty Ltd,Tidal Energy Australia Pty Ltd
10,Cynergy Pty Ltd,Jasdar Pty Ltd
221,Damian McGreevy Consulting Pty Ltd,World Wide Fund for Nature (WWF AUST)
221,Damian McGreevy Consulting Pty Ltd,Water and Carbon Group
221,Damian McGreevy Consulting Pty Ltd,The Rowland Group
221,Damian McGreevy Consulting Pty Ltd,Daintree Estates
221,Damian McGreevy Consulting Pty Ltd,Solar Silicon Resources Group
221,Damian McGreevy Consulting Pty Ltd,Legend International Holdings
221,Damian McGreevy Consulting Pty Ltd,Ella Bay Developments Pty Ltd
569,Dargan Financial,Isma Ahmed
569,Dargan Financial,Nassif Isaac
569,Dargan Financial,Peter Rafidi
569,Dargan Financial,Hoa Hong
569,Dargan Financial,Peter Rafidi Pty Ltd
569,Dargan Financial,Roho Amine Elmalki Berrada
569,Dargan Financial,Tina Nhung Pham
569,Dargan Financial,The trustee for Hoabie One Kenobe Unit Trust
569,Dargan Financial,Tony Duy Dao
569,Dargan Financial,Benny Lagazo Dubria Jr
197,David Beddall and Associates Pty Ltd,Franchisee Association of Australia Inc
197,David Beddall and Associates Pty Ltd,Brisbane Grammar School
197,David Beddall and Associates Pty Ltd,Remondis Australia P/L
129,David J Cass,Australian Hotels Association (NSW)
16,Day & Hodge Associates Pty Ltd,Hologic (Australia) Pty Ltd
16,Day & Hodge Associates Pty Ltd,The Cycling Promotion Fund
16,Day & Hodge Associates Pty Ltd,Bicycle Industries Australia Inc.
16,Day & Hodge Associates Pty Ltd,Westfund Ltd
16,Day & Hodge Associates Pty Ltd,Australian College of Nurse Practitioners
572,Debra Susan Chalmers,TRY Australia
277,Dinorden Pty Ltd,Fujitsu Australia Limited
277,Dinorden Pty Ltd,Adani Mining Pty Ltd
360,Diplomacy Pty Limited,ADCO Constructions
360,Diplomacy Pty Limited,Anindilyakwa Land Council
360,Diplomacy Pty Limited,G21 - Geelong Regional Alliance
360,Diplomacy Pty Limited,Aurora Algae
360,Diplomacy Pty Limited,Kopernik
360,Diplomacy Pty Limited,Air New Zealand
360,Diplomacy Pty Limited,Zynga Inc.
360,Diplomacy Pty Limited,Wyndham City Council
360,Diplomacy Pty Limited,Jardine Lloyd Thompson Pty Limited
360,Diplomacy Pty Limited,RCR Tomlinson Ltd
360,Diplomacy Pty Limited,Australian Worldwide
360,Diplomacy Pty Limited,BDO Australia
360,Diplomacy Pty Limited,OâDonnell Griffin
360,Diplomacy Pty Limited,Haden
360,Diplomacy Pty Limited,Resolve FM
454,Discourse Consulting Pty Ltd,ADA
454,Discourse Consulting Pty Ltd,Future School
454,Discourse Consulting Pty Ltd,NDS
454,Discourse Consulting Pty Ltd,Life withour Barriers
454,Discourse Consulting Pty Ltd,CG Consultiing
151,DPL Medical Pty Limited,Bavarian Nordic A/S
172,Dr Robert Horton,Intelsat Corporation
172,Dr Robert Horton,Inmarsat Corporation
515,Dunns4 Consulting Pty Ltd,Sagem Defense Secutite
515,Dunns4 Consulting Pty Ltd,Point Trading
515,Dunns4 Consulting Pty Ltd,Supacat Ltd
515,Dunns4 Consulting Pty Ltd,Nexter
263,ED & Associates Pty Ltd,Tranquil Travel Service Pty Ltd
149,Edelman Public Relations Worldwide Pty Ltd,Tetra Pak
149,Edelman Public Relations Worldwide Pty Ltd,BASF Australia Ltd
149,Edelman Public Relations Worldwide Pty Ltd,PayPal Australia Pty Ltd
149,Edelman Public Relations Worldwide Pty Ltd,eBay Inc
149,Edelman Public Relations Worldwide Pty Ltd,Ministry of Foreign Affairs of the Federal Government of UAE
149,Edelman Public Relations Worldwide Pty Ltd,Samsung Electronics Australia
149,Edelman Public Relations Worldwide Pty Ltd,University of New South Wales Medical
149,Edelman Public Relations Worldwide Pty Ltd,Rockwell Collins
149,Edelman Public Relations Worldwide Pty Ltd,Mars Inc
184,"EDWARDS, RONALD FREDERICK",WA Seafoods Pty Ltd
184,"EDWARDS, RONALD FREDERICK",Austfish
184,"EDWARDS, RONALD FREDERICK",Anglican Schools Commission
184,"EDWARDS, RONALD FREDERICK",Austral Fisheries
184,"EDWARDS, RONALD FREDERICK",Latitude Fisheries
184,"EDWARDS, RONALD FREDERICK",Graham (Polly) Farmer Foundation
184,"EDWARDS, RONALD FREDERICK",Goldcorp
184,"EDWARDS, RONALD FREDERICK",Wells Haslem Strategic Public Affairs
344,Electrotech Australia Pty Limited,Northrop Grumman Overseas Service Corporation
31,Endeavour Consulting Group Pty Ltd,Australian Orthopaedic Association
31,Endeavour Consulting Group Pty Ltd,City West Property Holdings Pty Ltd
31,Endeavour Consulting Group Pty Ltd,National Public Affairs Group
31,Endeavour Consulting Group Pty Ltd,Rio Tinto Ltd
31,Endeavour Consulting Group Pty Ltd,Christmas Island Phosphates
31,Endeavour Consulting Group Pty Ltd,Energy Resources Australia Ltd
31,Endeavour Consulting Group Pty Ltd,Incitec Pivot Pty Ltd
31,Endeavour Consulting Group Pty Ltd,American Express International Incorporated
31,Endeavour Consulting Group Pty Ltd,Northern Land Council
31,Endeavour Consulting Group Pty Ltd,The Shell Company of Australia Ltd
31,Endeavour Consulting Group Pty Ltd,Seven Network
31,Endeavour Consulting Group Pty Ltd,Ure Chan Group
31,Endeavour Consulting Group Pty Ltd,University of Canberra
31,Endeavour Consulting Group Pty Ltd,Pindo Deli
31,Endeavour Consulting Group Pty Ltd,Solaris
31,Endeavour Consulting Group Pty Ltd,Vodafone Hutchison
31,Endeavour Consulting Group Pty Ltd,Clubs NSW
31,Endeavour Consulting Group Pty Ltd,Clubs Australia
31,Endeavour Consulting Group Pty Ltd,Village Building Company
31,Endeavour Consulting Group Pty Ltd,Energy Assured
31,Endeavour Consulting Group Pty Ltd,Converga
31,Endeavour Consulting Group Pty Ltd,Port Waratah Coal Services
31,Endeavour Consulting Group Pty Ltd,Australian Road Safety Foundation
31,Endeavour Consulting Group Pty Ltd,Truck Industry Council
31,Endeavour Consulting Group Pty Ltd,Phonographic Performance Company of Australia
31,Endeavour Consulting Group Pty Ltd,Manufacturing Australia
31,Endeavour Consulting Group Pty Ltd,Coca Cola South Pacific 
31,Endeavour Consulting Group Pty Ltd,Griffith University 
31,Endeavour Consulting Group Pty Ltd,GDF SUEZ
74,Enhance Corporate Pty Ltd,Tri Investments Pty Ltd
74,Enhance Corporate Pty Ltd,Big Issue in Australia Ltd
74,Enhance Corporate Pty Ltd,Centurian Group
74,Enhance Corporate Pty Ltd,China Rail 15 Group
74,Enhance Corporate Pty Ltd,China First Pty Ltd
74,Enhance Corporate Pty Ltd,Queensland Nickel Pty Ltd
74,Enhance Corporate Pty Ltd,Mineralogy Pty Ltd
15,Eric Walsh Pty Ltd,Queensland Coal Corporation Pty Ltd
15,Eric Walsh Pty Ltd,Yamatji Marlpa Aboriginal Corporation
15,Eric Walsh Pty Ltd,Ramsay Health Care
15,Eric Walsh Pty Ltd,Eurotorp GEIE
15,Eric Walsh Pty Ltd,EABC Pty Ltd
15,Eric Walsh Pty Ltd,MIMI (Mitsui Mitsubishi North West Shelf Partners)
15,Eric Walsh Pty Ltd,Pilbara Native Title Council
15,Eric Walsh Pty Ltd,Thyssen Krupp Transrapid
15,Eric Walsh Pty Ltd,Hong Kong Jockey Club
15,Eric Walsh Pty Ltd,Ample Source International BVI (ASI)
15,Eric Walsh Pty Ltd,Solar Free
15,Eric Walsh Pty Ltd,Greenpeace
15,Eric Walsh Pty Ltd,Australian Mining Association
71,Essential Media Communications Pty Ltd,Gandangara aboriginal land council
71,Essential Media Communications Pty Ltd,Sydney Aboriginal Services Ltd
71,Essential Media Communications Pty Ltd,Bank mecu
564,Etched Communications Pty Ltd,Nestle Australia
564,Etched Communications Pty Ltd,Bellamy's Organic
564,Etched Communications Pty Ltd,Plastics and Chemicals Industries Association
512,Ethical Strategies Pty Ltd,Janssen Australia
512,Ethical Strategies Pty Ltd,Cystic Fibrosis Australia
324,FCC Partners,Chi - X
324,FCC Partners,Morgan Stanley
324,FCC Partners,Asia Pacific Stock Exchange
324,FCC Partners,Centre for International Finance and Regulation
324,FCC Partners,IG Markets
214,FIPRA Australia Pty Limited,Royal Caribbean Cruises Australia
214,FIPRA Australia Pty Limited,Royal Caribbean Cruises Limited USA
214,FIPRA Australia Pty Limited,FIPRA International UK
214,FIPRA Australia Pty Limited,FIPRA Europe Brussels
214,FIPRA Australia Pty Limited,Veritec Solutions USA
453,First State Advisors and Consultants ,Cemento Pty Ltd 
453,First State Advisors and Consultants ,Demigold Pty Ltd 
453,First State Advisors and Consultants ,Direct Freight Express Pty ltd 
453,First State Advisors and Consultants ,Cracknell and Lonergan Architects Pty Ltd 
453,First State Advisors and Consultants ,Mars Property Group 
453,First State Advisors and Consultants ,George Concord Pty Ltd 
453,First State Advisors and Consultants ,Eloura Holdings 
453,First State Advisors and Consultants ,Samstone Pty Ltd 
453,First State Advisors and Consultants ,Southern United Minerals Pty Ltd 
453,First State Advisors and Consultants ,Greenacre Business Park Pty Ltd 
453,First State Advisors and Consultants ,Pinpoint Marketing Pty Ltd 
453,First State Advisors and Consultants ,Flower Power Group Pty Ltd
453,First State Advisors and Consultants ,Nasser Services Pty Ltd 
453,First State Advisors and Consultants ,Romtech Pty Ltd 
453,First State Advisors and Consultants ,Thiess Pty Ltd 
453,First State Advisors and Consultants ,Polio (Australia) 
453,First State Advisors and Consultants ,Polio (NSW)
453,First State Advisors and Consultants ,Bravehearts Inc. (Pro Bono)
453,First State Advisors and Consultants ,China Rail 15 Group 
453,First State Advisors and Consultants ,Popular Compass Development
453,First State Advisors and Consultants ,Dell Australia Pty Ltd 
453,First State Advisors and Consultants ,Imperial Tobacco Ltd 
453,First State Advisors and Consultants ,Staples Australia Pty Ltd
453,First State Advisors and Consultants ,NSW Aboriginal Land Council 
453,First State Advisors and Consultants ,University of Western Sydney
453,First State Advisors and Consultants ,Auburn City Council 
453,First State Advisors and Consultants ,Charlton Excavation and Demolition
453,First State Advisors and Consultants ,The Group of Eight Limited
453,First State Advisors and Consultants ,Young & Rubicam Group Pty Limited
295,Five Corners Pty Ltd,Mark Lawrence - Managing Director - MD Solutions Australasia Pty Ltd.
295,Five Corners Pty Ltd,Glernn Moore Executive Director Aurora Bioscience PO Box 946 Baulkham Hills NSW 2153
202,Fowlstone Communications,WorleyParsons
202,Fowlstone Communications,Motor Traders Association of NSW
202,Fowlstone Communications,Strike Energy 
202,Fowlstone Communications,Roslyn Oxley Gallery Pty Ltd
484,FPL Advisory Pty Ltd,Building Designers Association of Victoria
484,FPL Advisory Pty Ltd,GlaxoSmithKline
484,FPL Advisory Pty Ltd,Australian and New Zealand Institute of Insurance and Finance
484,FPL Advisory Pty Ltd,Australian Camps Association
484,FPL Advisory Pty Ltd,Modulus Systems Pty Ltd
484,FPL Advisory Pty Ltd,Bellavie Pty Ltd
333,FTI Consulting (Perth) Pty Ltd,Wellard Group
333,FTI Consulting (Perth) Pty Ltd,New Standard Energy
333,FTI Consulting (Perth) Pty Ltd,Resource Capital Funds
543,G. C. Advocacy Pty Ltd,Motor Traders Association NSW
543,G. C. Advocacy Pty Ltd,Catholic Cemeteries Board
141,G.CAMPBELL & K.L WEIL,Mount Gibson Iron Limited.
460,Gabrielle Trainor,EFTPOS Payments  Australia Ltd
106,Galbraith & Company Pty Ltd,Intel
106,Galbraith & Company Pty Ltd,Juniper Networks
106,Galbraith & Company Pty Ltd,Tabcorp
106,Galbraith & Company Pty Ltd,TransACT
106,Galbraith & Company Pty Ltd,iinet
1,Gambolling Pty Ltd,Western Australian Institute for Medical Research (WAIMR)
1,Gambolling Pty Ltd,EuroMaritime Consultancy
1,Gambolling Pty Ltd,Norfolk-Aus Financial Horizons P/L
1,Gambolling Pty Ltd,Imaging Partners Online
1,Gambolling Pty Ltd,Mobile Dental Services P/L
1,Gambolling Pty Ltd,National Australia Bank
1,Gambolling Pty Ltd,La Trobe University
1,Gambolling Pty Ltd,Copyright Agency Limited
1,Gambolling Pty Ltd,OHDC Inc
1,Gambolling Pty Ltd,First Steps Inc.
1,Gambolling Pty Ltd,Law Council of Australia
1,Gambolling Pty Ltd,Intercapital 
1,Gambolling Pty Ltd,Project Flinders Pty Ltd
1,Gambolling Pty Ltd,Australian Genome Research Facility  P/L
1,Gambolling Pty Ltd,Boulder Steel Limited
1,Gambolling Pty Ltd,Murray Darling Medical School
506,Garrie Gibson,CRC for Infrastructure  Engineering Asset Management
506,Garrie Gibson,The Asset Institute
506,Garrie Gibson,Champion Legal
506,Garrie Gibson,Cooperative Research Centres Association
506,Garrie Gibson,Access to Justice for Western Sydney Campaign
375,Gell Southam Group Pty Ltd,NuCoal Resources NL
375,Gell Southam Group Pty Ltd,Kores Australia
185,Geoff Conlon,H & D srl
185,Geoff Conlon,Solar Brokers Associated
185,Geoff Conlon,Evolvo srl
185,Geoff Conlon,Leadray 
185,Geoff Conlon,AMB Lighting
33,George Brownbill Consulting Pty Ltd,Australian Osteopathic Association
33,George Brownbill Consulting Pty Ltd,Australian Self-Medication Industry
33,George Brownbill Consulting Pty Ltd,Bodcare
33,George Brownbill Consulting Pty Ltd,WoolProducers Australia
33,George Brownbill Consulting Pty Ltd,yless4u
238,GIMC Consulting,Broadcast Operations Pty Ltd
238,GIMC Consulting,Redwave Media Pty Ltd
238,GIMC Consulting,Hot Tomato Pty Ltd
238,GIMC Consulting,Smart Radio Group
238,GIMC Consulting,Get Real Media
150,Glide Pty Ltd,The Alliance for Children at Risk inc
561,Global Issues Group,Refrigerants Australia
59,Government Relations Australia Advisory Pty Ltd,Bupa Australia Group
59,Government Relations Australia Advisory Pty Ltd,IDP Education Pty Ltd
59,Government Relations Australia Advisory Pty Ltd,AECOM Australia
59,Government Relations Australia Advisory Pty Ltd,Clemenger BBDO
59,Government Relations Australia Advisory Pty Ltd,Pacific Brands
59,Government Relations Australia Advisory Pty Ltd,Cobham Flight Operations & Services (Aust) / National Jet Systems
59,Government Relations Australia Advisory Pty Ltd,QGC - a BG Group Business
59,Government Relations Australia Advisory Pty Ltd,Airwave Solutions Australia
59,Government Relations Australia Advisory Pty Ltd,Navantia SA
59,Government Relations Australia Advisory Pty Ltd,Broadcast Australia
59,Government Relations Australia Advisory Pty Ltd,Betfair Australia
59,Government Relations Australia Advisory Pty Ltd,Minerals and Metals Group
59,Government Relations Australia Advisory Pty Ltd,General Atomics Aeronautical Systems Inc.
59,Government Relations Australia Advisory Pty Ltd,ALDI Stores
59,Government Relations Australia Advisory Pty Ltd,Palantir Technologies
59,Government Relations Australia Advisory Pty Ltd,Idemitsu Australia Resources
59,Government Relations Australia Advisory Pty Ltd,First Solar
59,Government Relations Australia Advisory Pty Ltd,Greyhounds Australasia
59,Government Relations Australia Advisory Pty Ltd,Lion Co.
59,Government Relations Australia Advisory Pty Ltd,Project Management Institute
59,Government Relations Australia Advisory Pty Ltd,AAPT
59,Government Relations Australia Advisory Pty Ltd,De La Rue Currency and Solutions
59,Government Relations Australia Advisory Pty Ltd,Archer Daniels Midland Company
59,Government Relations Australia Advisory Pty Ltd,Sleep Health Foundation
59,Government Relations Australia Advisory Pty Ltd,Vanguard Investments Australia Ltd
59,Government Relations Australia Advisory Pty Ltd,SingTel Optus Pty Ltd
59,Government Relations Australia Advisory Pty Ltd,Maxxia Pty Ltd
59,Government Relations Australia Advisory Pty Ltd,McMillan Shakespeare Group
59,Government Relations Australia Advisory Pty Ltd,State Grid Corporation of China
59,Government Relations Australia Advisory Pty Ltd,State Grid International Development
59,Government Relations Australia Advisory Pty Ltd,Halliburton Energy Services
59,Government Relations Australia Advisory Pty Ltd,Alexion Pharmaceuticals Australasia Pty Ltd
59,Government Relations Australia Advisory Pty Ltd,Accolade Wines
59,Government Relations Australia Advisory Pty Ltd,Michell Pty Ltd
59,Government Relations Australia Advisory Pty Ltd,Parkinson's NSW
59,Government Relations Australia Advisory Pty Ltd,LCH.Clearnet
59,Government Relations Australia Advisory Pty Ltd,Australian Meat Industry Council
59,Government Relations Australia Advisory Pty Ltd,Parkinson's Australia
59,Government Relations Australia Advisory Pty Ltd,Anglicare SA
59,Government Relations Australia Advisory Pty Ltd,Employers Mutual Ltd
59,Government Relations Australia Advisory Pty Ltd,TA Associates
59,Government Relations Australia Advisory Pty Ltd,Gilead Sciences
59,Government Relations Australia Advisory Pty Ltd,Chi-X Australia Pty Ltd
59,Government Relations Australia Advisory Pty Ltd,Agricultural Bank of China
59,Government Relations Australia Advisory Pty Ltd,BA Infrastructure
59,Government Relations Australia Advisory Pty Ltd,Warren Centre for Advanced Engineering
59,Government Relations Australia Advisory Pty Ltd,Forgacs Engineering Pty Ltd
7,Government Relations Solutions Pty Ltd,Adelaide Equity Partners Ltd
7,Government Relations Solutions Pty Ltd,Marmota Energy Limited
7,Government Relations Solutions Pty Ltd,ERO Mining Limited
7,Government Relations Solutions Pty Ltd,Conics Ltd
7,Government Relations Solutions Pty Ltd,Beach Energy Ltd
7,Government Relations Solutions Pty Ltd,GTL Energy Ltd
7,Government Relations Solutions Pty Ltd,G4S Australia PTY LTD
7,Government Relations Solutions Pty Ltd,Burke Urban Developments Pty Ltd
7,Government Relations Solutions Pty Ltd,Alert Force Pty Ltd
122,GRA Everingham Pty Ltd,ConocoPhillips
122,GRA Everingham Pty Ltd,Hewlett Packard
122,GRA Everingham Pty Ltd,Hall and Prior Aged Care Organisation
122,GRA Everingham Pty Ltd,Cash Converters
122,GRA Everingham Pty Ltd,National Disability Insurance Scheme (probono)
122,GRA Everingham Pty Ltd,Newmont Mining Corporation 
122,GRA Everingham Pty Ltd,MWH Global
122,GRA Everingham Pty Ltd,Aurizon
122,GRA Everingham Pty Ltd,Catholic Education Office of WA 
122,GRA Everingham Pty Ltd,Clean Protocol
122,GRA Everingham Pty Ltd,Inpex 
209,Gryphon Management Australia,Brookfield Rail
209,Gryphon Management Australia,Hess Exploration Australia
209,Gryphon Management Australia,Buru Energy
209,Gryphon Management Australia,Gold Fields
431,Guy Barnett Consulting Pty Ltd,Vos Construction Pty Ltd
431,Guy Barnett Consulting Pty Ltd,Nutrition Care Pharmaceuticals Pty Ltd
431,Guy Barnett Consulting Pty Ltd,Diabetes Australia
431,Guy Barnett Consulting Pty Ltd,Motor Neurone Disease Australia
431,Guy Barnett Consulting Pty Ltd,Diabetes Tasmania
431,Guy Barnett Consulting Pty Ltd,Medtronic Australasia Pty Ltd
431,Guy Barnett Consulting Pty Ltd,Master Grocers Australia
431,Guy Barnett Consulting Pty Ltd,Save Our Seaside Village Group
26,Halden Burns Pty Ltd,Strzelecki Holdings Pty Ltd
26,Halden Burns Pty Ltd,Satterley Property Group
26,Halden Burns Pty Ltd,Italian Earthquake Disaster Fund
26,Halden Burns Pty Ltd,West Australian Pork Producers Association
26,Halden Burns Pty Ltd,Westpork
26,Halden Burns Pty Ltd,Perth Radiological Clinic
26,Halden Burns Pty Ltd,CASE for Refugees
26,Halden Burns Pty Ltd,Mooney Pilots Association
26,Halden Burns Pty Ltd,Cristal Mining (Australia)
26,Halden Burns Pty Ltd,City of Kwinana
26,Halden Burns Pty Ltd,Hills Orchard Improvement Group Inc
26,Halden Burns Pty Ltd,Australian Coral Farms
469,Harford Consulting Pty Ltd,Australian Homestay Network
406,Hartnett Consulting,Tasmanian Alkaloids Pty Ltd
96,Hawker Britton Group Pty Ltd,Bombardier Transportation Australia
96,Hawker Britton Group Pty Ltd,AGL Energy Limited
96,Hawker Britton Group Pty Ltd,Singleton Ogilvy & Mather Holdings
96,Hawker Britton Group Pty Ltd,Free TV Australia
96,Hawker Britton Group Pty Ltd,Etcom
96,Hawker Britton Group Pty Ltd,Juvenile Diabetes Research Foundation
96,Hawker Britton Group Pty Ltd,Boehringer Ingelheim Pty Ltd
96,Hawker Britton Group Pty Ltd,Aspen Medical
96,Hawker Britton Group Pty Ltd,Association of Independent Schools of NSW
96,Hawker Britton Group Pty Ltd,STW Group Ltd
96,Hawker Britton Group Pty Ltd,Raytheon Australia
96,Hawker Britton Group Pty Ltd,Australian Communication Exchange
96,Hawker Britton Group Pty Ltd,Canada Steamship Lines Australia Pty Ltd
96,Hawker Britton Group Pty Ltd,Mediacom
96,Hawker Britton Group Pty Ltd,Amgen Australia Pty Ltd
96,Hawker Britton Group Pty Ltd,AARNet
96,Hawker Britton Group Pty Ltd,The Big Issue in Australia Limited
96,Hawker Britton Group Pty Ltd,Harness Racing Australia
96,Hawker Britton Group Pty Ltd,Bunnings
96,Hawker Britton Group Pty Ltd,Peach Advertising
96,Hawker Britton Group Pty Ltd,Officeworks
96,Hawker Britton Group Pty Ltd,Crown Castle
96,Hawker Britton Group Pty Ltd,Australian Primary Principal's Association
96,Hawker Britton Group Pty Ltd,HOED
96,Hawker Britton Group Pty Ltd,J Walter Thompson (JWT)
96,Hawker Britton Group Pty Ltd,Corrs Chambers Westgarth
96,Hawker Britton Group Pty Ltd,Quasar Resources Pty Ltd
96,Hawker Britton Group Pty Ltd,Adelaide Airport Limited
96,Hawker Britton Group Pty Ltd,Macquarie Group Limited
96,Hawker Britton Group Pty Ltd,Pottinger
96,Hawker Britton Group Pty Ltd,American Pork Export Trading Company
96,Hawker Britton Group Pty Ltd,ZOO Group
96,Hawker Britton Group Pty Ltd,amr interactive
96,Hawker Britton Group Pty Ltd,University of New South Wales
96,Hawker Britton Group Pty Ltd,The Brand Agency
96,Hawker Britton Group Pty Ltd,AMP Limited
96,Hawker Britton Group Pty Ltd,Canada Pension Plan Investment Board
96,Hawker Britton Group Pty Ltd,Navitas Limited
96,Hawker Britton Group Pty Ltd,Babcock Integrated Technology Australia
96,Hawker Britton Group Pty Ltd,Global Green Plan Foundation
96,Hawker Britton Group Pty Ltd,Australian Hotels Association (Victorian Branch)
96,Hawker Britton Group Pty Ltd,Yum Restaurants Australia
96,Hawker Britton Group Pty Ltd,Silcar Pty Ltd
96,Hawker Britton Group Pty Ltd,Osteoporosis Australia
96,Hawker Britton Group Pty Ltd,Medibank Health Solutions
96,Hawker Britton Group Pty Ltd,Open Universities Australia Pty Ltd
96,Hawker Britton Group Pty Ltd,Complementary Healthcare Council of Australia
96,Hawker Britton Group Pty Ltd,Leighton Holdings
96,Hawker Britton Group Pty Ltd,Alinta Energy
96,Hawker Britton Group Pty Ltd,Lorne Sculpture
96,Hawker Britton Group Pty Ltd,Motorola Australia
96,Hawker Britton Group Pty Ltd,Clinical Trials Connect
96,Hawker Britton Group Pty Ltd,The Adams Group
96,Hawker Britton Group Pty Ltd,Domain Principal Group
96,Hawker Britton Group Pty Ltd,The Alliance for Safe Children
96,Hawker Britton Group Pty Ltd,Allygroup
96,Hawker Britton Group Pty Ltd,Project Respect
96,Hawker Britton Group Pty Ltd,Clanwilliam Aged Care
96,Hawker Britton Group Pty Ltd,Phoenix Society Inc
96,Hawker Britton Group Pty Ltd,Bombardier Recreational Products 
96,Hawker Britton Group Pty Ltd,Broadband Industry Group 
96,Hawker Britton Group Pty Ltd,ViiV Healthcare
96,Hawker Britton Group Pty Ltd,Buchanan Group 
96,Hawker Britton Group Pty Ltd,Palisade Investment Partners Limited 
96,Hawker Britton Group Pty Ltd,Aurizon
96,Hawker Britton Group Pty Ltd,Yellow Edge
96,Hawker Britton Group Pty Ltd,RP Data 
96,Hawker Britton Group Pty Ltd,St Vincent's Health Australia
96,Hawker Britton Group Pty Ltd,Huon Aquaculture
96,Hawker Britton Group Pty Ltd,Tasmanian Salmon Growers Association
96,Hawker Britton Group Pty Ltd,Swisse Wellness Pty Ltd
96,Hawker Britton Group Pty Ltd,Baulderstone
96,Hawker Britton Group Pty Ltd,Shire of Cardinia 
96,Hawker Britton Group Pty Ltd,IPAR
96,Hawker Britton Group Pty Ltd,Australian Federation of AIDS Organisations 
96,Hawker Britton Group Pty Ltd,Brand Tasmania 
96,Hawker Britton Group Pty Ltd,Badjar Ogilvy 
96,Hawker Britton Group Pty Ltd,Copyright Agency
96,Hawker Britton Group Pty Ltd,Viscopy
96,Hawker Britton Group Pty Ltd,Lutheran Education Australia
96,Hawker Britton Group Pty Ltd,Dawn O'Neil and Associates
96,Hawker Britton Group Pty Ltd,Heathgate Resources
96,Hawker Britton Group Pty Ltd,Local Government Association of South Australia
96,Hawker Britton Group Pty Ltd,TPG Capital
96,Hawker Britton Group Pty Ltd,Partnership Victorian Family Relationship Centres
96,Hawker Britton Group Pty Ltd,Knauf Insulation
96,Hawker Britton Group Pty Ltd,Hemp Foods Australia
96,Hawker Britton Group Pty Ltd,P Schoenfield Asset Management (PSAM)
96,Hawker Britton Group Pty Ltd,Jewish Aid Australia 
96,Hawker Britton Group Pty Ltd,Life Education Australia
96,Hawker Britton Group Pty Ltd,Gunns Limited (Receivers and Managers Appointed)(In Liquidation)
96,Hawker Britton Group Pty Ltd,CITIC Pacific Mining Management Pty Ltd
96,Hawker Britton Group Pty Ltd,Dr Patrick D McGorry
96,Hawker Britton Group Pty Ltd,The Pharmacy Guild of Australia
96,Hawker Britton Group Pty Ltd,Soft Star Pty Limited
96,Hawker Britton Group Pty Ltd,Australian Salary Packaging Industry Association
96,Hawker Britton Group Pty Ltd,Abruzzo Club
137,Health Communincations Australia Pty Limited,Allergan Australia Pty Limited
137,Health Communincations Australia Pty Limited,Genzyme
137,Health Communincations Australia Pty Limited,The GUT Foundation
137,Health Communincations Australia Pty Limited,Link Pharmaceuticals
137,Health Communincations Australia Pty Limited,Lundbeck Australia Pty Limited
137,Health Communincations Australia Pty Limited,Novo Nordisk Australia Pty Limited
137,Health Communincations Australia Pty Limited,Pharmaxis Ltd
137,Health Communincations Australia Pty Limited,Takeda Pharmaceuticals Australia
137,Health Communincations Australia Pty Limited,Merck Serono Australia
124,Helen & Mike O'Brien JP,Australian Pensioners & Superannuants League WA Inc
124,Helen & Mike O'Brien JP,Jess Bordas
124,Helen & Mike O'Brien JP,Parins
147,Herbert Geer,DPL MEDICAL PTY LTD
147,Herbert Geer,BAVARIAN NORDIC
147,Herbert Geer,COMMERCIAL RADIO AUSTRALIA LTD
8,Hill and Knowlton,Coca Cola South Pacific
8,Hill and Knowlton,InSinkErator
8,Hill and Knowlton,Australian Beverage Council
8,Hill and Knowlton,LEO Pharma
8,Hill and Knowlton,Compass Group
8,Hill and Knowlton,Dallas/Fort Worth International Airport
8,Hill and Knowlton,Intuit
8,Hill and Knowlton,Digital Post Australia
8,Hill and Knowlton,Enirgi Metal Group Pty Ltd
8,Hill and Knowlton,Edwards Lifesciences
8,Hill and Knowlton,Competitive Foods Australia 
8,Hill and Knowlton,Wynyard Group
8,Hill and Knowlton,Computershare Ltd
8,Hill and Knowlton,Coolmore Australia
8,Hill and Knowlton,Waitan Group Pty Ltd
19,HTT Trust,The Institute of Certified Management Accountants
19,HTT Trust,Smorgon Fuels
19,HTT Trust,The Victor Smorgon Group
288,HUGO HALLIDAY PTY LTD,Gazcorp Pty Ltd
288,HUGO HALLIDAY PTY LTD,Optometrists Association Australia NSW Division
288,HUGO HALLIDAY PTY LTD,Tesmar Group
288,HUGO HALLIDAY PTY LTD,DSD Nominees Pty Ltd
288,HUGO HALLIDAY PTY LTD,National Electrical and Communications Association (NECA) NSW
288,HUGO HALLIDAY PTY LTD,HYECORP Property Group
288,HUGO HALLIDAY PTY LTD,Tangara Building Company Pty Ltd
288,HUGO HALLIDAY PTY LTD,Oz Care Australia Pty Ltd
288,HUGO HALLIDAY PTY LTD,La Vie Developments Pty Ltd
510,huxley communications pty ltd,cure for life foundation
541,Innovative Electronics Pty Ltd,ESA/Inmarsat
541,Innovative Electronics Pty Ltd,CSIRO
170,Intech Strategies P/L,Elbit Systems Ltd
170,Intech Strategies P/L,Elbit Systems of Australia P/L
20,InterCapital Group Pty Ltd,Habitat For Humanity
20,InterCapital Group Pty Ltd,St Vincent's Medical Research Institute
20,InterCapital Group Pty Ltd,BRP Australia
20,InterCapital Group Pty Ltd,Polaris Sales Australia Pty Ltd
20,InterCapital Group Pty Ltd,Chrysler Australia
38,Intercorp Pty Ltd,Israel Aerospace Industries Limited
38,Intercorp Pty Ltd,Plasan
222,Intermediary Consulting Pty Ltd,Glaxo Smith Kline
222,Intermediary Consulting Pty Ltd,British American Tobacco Australia
103,Ivydale Nominees Pty Ltd,CHC Helicopters
103,Ivydale Nominees Pty Ltd,Atlas Point Pty Ltd
103,Ivydale Nominees Pty Ltd,Coogee Chemicals
249,JaTaCam Holdings,Simons Ravden Lawyers
249,JaTaCam Holdings,TMA Group
586,Jenkins Engineering defence Systems Pty Ltd,Exelis Inc
319,Jo Scard Pty Ltd,Diversity Council of Australia
319,Jo Scard Pty Ltd,SBS Corporation
319,Jo Scard Pty Ltd,Social Traders
319,Jo Scard Pty Ltd,Black Dog Institute
319,Jo Scard Pty Ltd,Kellogg (Australia)
319,Jo Scard Pty Ltd,Homebirth Australia
319,Jo Scard Pty Ltd,McGrath Foundation
319,Jo Scard Pty Ltd,The Newspaper Works
319,Jo Scard Pty Ltd,Maternity Coalition
319,Jo Scard Pty Ltd,National Centre of Indigenous Excellence
319,Jo Scard Pty Ltd,Jodi Lee Foundation
319,Jo Scard Pty Ltd,Human Rights Watch
319,Jo Scard Pty Ltd,Just Better Care
319,Jo Scard Pty Ltd,National Program for Sustainable Irrigation
319,Jo Scard Pty Ltd,Gas Energy Australia
319,Jo Scard Pty Ltd,Action Aid Australia
319,Jo Scard Pty Ltd,Psychotherapy and Counselling Federation of Australia Inc
319,Jo Scard Pty Ltd,Australian Register of Counsellors and Psychotherapists Pty Ltd
319,Jo Scard Pty Ltd,Love Your Sister
319,Jo Scard Pty Ltd,Plan International (Australia)
319,Jo Scard Pty Ltd,ACT For Kids
319,Jo Scard Pty Ltd,Australian Indigenous Leadership Centre
319,Jo Scard Pty Ltd,WPM Medical Retrieval 
319,Jo Scard Pty Ltd,Girl Guides Australia
319,Jo Scard Pty Ltd,The Big Issue Australia
275,Jody Fassina ATF JAI Family Trust,Macquarie Group
275,Jody Fassina ATF JAI Family Trust,Moss Capital
275,Jody Fassina ATF JAI Family Trust,iSelect Health Pty Ltd
275,Jody Fassina ATF JAI Family Trust,Wyndham Vacation Resorts
56,John C Blackwell,APC
56,John C Blackwell,AeroMobile AS
56,John C Blackwell,Autodesk
56,John C Blackwell,Ricoh
56,John C Blackwell,Sharp
56,John C Blackwell,Inmarsat
56,John C Blackwell,Datapod (Australia) Pty Ltd
56,John C Blackwell,Emantra
56,John C Blackwell,Eutelsat America Corporation
101,John Connolly & Partners Pty Limited,ANZ Limited
101,John Connolly & Partners Pty Limited,Leighton Holdings Pty Limited
101,John Connolly & Partners Pty Limited,BHP Billiton Ltd
101,John Connolly & Partners Pty Limited,Sydney Theatre Company
101,John Connolly & Partners Pty Limited,ISS Facilities Services Australia Limited
101,John Connolly & Partners Pty Limited,Marcus Lee
241,John Cook,Learning and Life Centre
241,John Cook,North Melbourne Football Club
241,John Cook,Casino Management International
78,John O'Connor and Associates Pty Ltd,Amcor Packaging (Australia) Pty Ltd
78,John O'Connor and Associates Pty Ltd,Penrice Soda Products Pty Ltd
78,John O'Connor and Associates Pty Ltd,ROH Automotive
78,John O'Connor and Associates Pty Ltd,CSBP Limited
78,John O'Connor and Associates Pty Ltd,Orica Australia Pty Ltd
78,John O'Connor and Associates Pty Ltd,Geofabrics Australasia Pty Ltd
78,John O'Connor and Associates Pty Ltd,Sunbeam Foods Pty Ltd
78,John O'Connor and Associates Pty Ltd,Qenos Pty Ltd
78,John O'Connor and Associates Pty Ltd,BlueScope Steel Limited
78,John O'Connor and Associates Pty Ltd,Nufarm Limited
78,John O'Connor and Associates Pty Ltd,Australian Vinyls Corporation Limited
78,John O'Connor and Associates Pty Ltd,H J Heinz Australia Limited
78,John O'Connor and Associates Pty Ltd,Arrium Limited
78,John O'Connor and Associates Pty Ltd,Norske Skog Australasia Pty Ltd
78,John O'Connor and Associates Pty Ltd,Dried Fruits Australia
255,John Scott Barker,Stornoway
255,John Scott Barker,Font PR
255,John Scott Barker,Marsh Pty Ltd
255,John Scott Barker,Cuthbertson Bros
255,John Scott Barker,St Anns Homes Inc
255,John Scott Barker,Veolia Environmental Services
255,John Scott Barker,Roberts Ltd
255,John Scott Barker,Winemaking Tasmania Pty Ltd
264,"John, Susan Maree",Smith and Nephew Surgical
410,Justine Caines,American Express International Incorporated
410,Justine Caines,Leading Age Services Australia
576,KENDAL AND ASSOCIATES,Arun Kumar Pallathadka 
576,KENDAL AND ASSOCIATES,Dr Harikumar Pallathadka
518,Kevin James Carroll,Aero International Inc. VA USA
115,KPMG,The Cobra Group Pty Ltd
115,KPMG,Distilled Spirits Industry Council of Australia Inc
115,KPMG,The Australian Federation of Travel Agents
115,KPMG,Appco Group Australia Pty Ltd
115,KPMG,Australian Mushroom Growers' Association Ltd
115,KPMG,Global Blue Holdings AB
115,KPMG,The Horticulture Taskforce
115,KPMG,National Tourism Alliance
115,KPMG,Kawasaki Heavy Industries Ltd
76,Kreab Gavin Anderson (Australia) Ltd,PTT Exploration and Production Public Company Ltd
76,Kreab Gavin Anderson (Australia) Ltd,APM
76,Kreab Gavin Anderson (Australia) Ltd,The Mirabel Foundation
76,Kreab Gavin Anderson (Australia) Ltd,John Button Literary Foundation Limited
76,Kreab Gavin Anderson (Australia) Ltd,Santos
76,Kreab Gavin Anderson (Australia) Ltd,Mars
76,Kreab Gavin Anderson (Australia) Ltd,Carnival Australia
76,Kreab Gavin Anderson (Australia) Ltd,Ramsay Health Care
76,Kreab Gavin Anderson (Australia) Ltd,BlueScope Steel Limited
76,Kreab Gavin Anderson (Australia) Ltd,ATM Industry Reference Group
76,Kreab Gavin Anderson (Australia) Ltd,DomGas Alliance
76,Kreab Gavin Anderson (Australia) Ltd,Time Warner
76,Kreab Gavin Anderson (Australia) Ltd,Foxtel
76,Kreab Gavin Anderson (Australia) Ltd,McAfee Inc
76,Kreab Gavin Anderson (Australia) Ltd,Chris O'Brien Lifehouse at RPA
76,Kreab Gavin Anderson (Australia) Ltd,Accommodation Association of Australia
76,Kreab Gavin Anderson (Australia) Ltd,PTTEP Australasia (Ashmore Cartier) Pty Ltd
76,Kreab Gavin Anderson (Australia) Ltd,Sportsbet
76,Kreab Gavin Anderson (Australia) Ltd,Brickworks Limited
76,Kreab Gavin Anderson (Australia) Ltd,Fotowatio Renewable Ventures (FRV)
76,Kreab Gavin Anderson (Australia) Ltd,Vodafone
76,Kreab Gavin Anderson (Australia) Ltd,Arrium Ltd
76,Kreab Gavin Anderson (Australia) Ltd,Australia Post
76,Kreab Gavin Anderson (Australia) Ltd,Seafood CRC Company Ltd
76,Kreab Gavin Anderson (Australia) Ltd,QBE Insurance (Australia) Ltd
76,Kreab Gavin Anderson (Australia) Ltd,Kelly Hazell Quill
76,Kreab Gavin Anderson (Australia) Ltd,Qube Group
76,Kreab Gavin Anderson (Australia) Ltd,Institute of Chartered Accountants in Australia
76,Kreab Gavin Anderson (Australia) Ltd,First Data
76,Kreab Gavin Anderson (Australia) Ltd,Aboriginal Legal Service (NSW/ACT)
76,Kreab Gavin Anderson (Australia) Ltd,Kellogg's
76,Kreab Gavin Anderson (Australia) Ltd,Good Technology Australia Pty Ltd
76,Kreab Gavin Anderson (Australia) Ltd,International Social Games Coalition
76,Kreab Gavin Anderson (Australia) Ltd,Incitec Pivot Ltd
76,Kreab Gavin Anderson (Australia) Ltd,Electrolux Home Products Pty Ltd
76,Kreab Gavin Anderson (Australia) Ltd,Aristocrat Leisure Limited
76,Kreab Gavin Anderson (Australia) Ltd,Interlink Roads Pty Ltd 
76,Kreab Gavin Anderson (Australia) Ltd,Churchill Mining
76,Kreab Gavin Anderson (Australia) Ltd,The MENTOR Network
76,Kreab Gavin Anderson (Australia) Ltd,SeaRoad Holdings Pty Ltd
465,LATAF CONSULTING ,Australian African Mining Industry Group
465,LATAF CONSULTING ,Paydirt Media
570,Leaderboard Pty Ltd,Datacom Systems Pty Ltd
557,Leanne Joyce Consulting,Australian Primary Principals Association
4,Leisure SolutionsÂ®,Embedded Systems Australia
223,Leonie M. Short,Australian Council of Social Service
223,Leonie M. Short,Public Health Association of Australia
223,Leonie M. Short,Australian Dental and Oral Health Therapists Association
223,Leonie M. Short,DRUG ARM Australasia
223,Leonie M. Short,Central Queensland University
223,Leonie M. Short,College of Oral Health Academics
223,Leonie M. Short,Australian Dental and Oral Health Therapists' Association Queensland Branch
223,Leonie M. Short,Friends of the ABC
223,Leonie M. Short,Australian Hand Therapy Association Inc
223,Leonie M. Short,Australasian Council of Dental Schools 
188,LESL Services Pty Ltd,PwC
188,LESL Services Pty Ltd,Minter Ellison Lawyers
188,LESL Services Pty Ltd,Qantas
188,LESL Services Pty Ltd,Seven Group Holdings Ltd
188,LESL Services Pty Ltd,The Gut Foundation (Pro Bono)
204,Lighthouse Communications Group Pty Ltd,Clarius Group
204,Lighthouse Communications Group Pty Ltd,oOH!media
529,Lobbying Australia,EzyVault Pty Ltd
13,LOPAC Consulting Pty Limited,Deschamps et Fils
13,LOPAC Consulting Pty Limited,Kongsberg Defence Systems
13,LOPAC Consulting Pty Limited,Kongsberg Maritime
13,LOPAC Consulting Pty Limited,Supacat Ltd
13,LOPAC Consulting Pty Limited,Combined Systems
13,LOPAC Consulting Pty Limited,Hughes Network Systems
13,LOPAC Consulting Pty Limited,Kongsberg Dynamic Systems
13,LOPAC Consulting Pty Limited,PRONAL S A
13,LOPAC Consulting Pty Limited,FORCIT DEFENCE
258,Lyndon George Pty Ltd,Thales Australia
258,Lyndon George Pty Ltd,Thoroughbred Breeders Australia
258,Lyndon George Pty Ltd,Thoroughbred Breeders NSW Ltd
258,Lyndon George Pty Ltd,Hunter Thoroughbred Breeders Association
80,MacGregor Public Relations,Pearl Consortium
80,MacGregor Public Relations,Sharpe Brothers
80,MacGregor Public Relations,Cubic Corporation
80,MacGregor Public Relations,Chiropractors' Association of Australia (New South Wales)
80,MacGregor Public Relations,BT Australasia Pty Ltd
119,Macquarie Group Limited,Macquarie Pastoral Fund
119,Macquarie Group Limited,China Shenhua Energy Company Limited
578,Making The World A Better Place Pty Ltd,Hear and Say Centre
578,Making The World A Better Place Pty Ltd,Phoenix Eagle
578,Making The World A Better Place Pty Ltd,Department of Prime Minister (Papua New Guinea Government)
245,Marketing Elements Pty Ltd,National Council for Children Post-Separation
245,Marketing Elements Pty Ltd,Women's Refuge Movement
118,Markstone Group Pty Ltd,Environmental Clean Technologies Ltd
187,Marlow Communications Pty Ltd,Altona Energy
187,Marlow Communications Pty Ltd,Lincoln Minerals Limited
187,Marlow Communications Pty Ltd,Eyre Peninsula Mining Alliance
425,Maser Defence Pty Ltd,Cobham Antenna Systems
179,McGrane-Fitzgerald Unit Trust,Rural & Regional Promotions Pty Ltd
179,McGrane-Fitzgerald Unit Trust,Deflecta Crete Seals ABN 84068618931
201,Media Affairs,Technique Solar Group
201,Media Affairs,Ausker Group
201,Media Affairs,Norwood Hall Asia Group
201,Media Affairs,JPG
201,Media Affairs,Manco Recruiters
201,Media Affairs,JPC International
201,Media Affairs,Zouki Group
201,Media Affairs,FTTH Asia Pacific Council
201,Media Affairs,Senko Pty Ltd
201,Media Affairs,Green Power Solutions
201,Media Affairs,CLM Group
201,Media Affairs,enernoc
201,Media Affairs,cambridge weight plan
201,Media Affairs,eco guardian
201,Media Affairs,onj cancer foundation
201,Media Affairs,The Brady Group
201,Media Affairs,Taxi Industry Stakeholders Victoria
201,Media Affairs,Energy Efficiency Council of Australia
201,Media Affairs,Coach Craft 
201,Media Affairs,Recovery Foundation
201,Media Affairs,Crowe Howarth
201,Media Affairs,Superior Cabs
201,Media Affairs,CheckUP Australia
201,Media Affairs,Benitec Biopharma
132,Megan Anwyl,Seadrill
132,Megan Anwyl,Citic Pacific Mining Management
132,Megan Anwyl,Extension Hill Pty Ltd
132,Megan Anwyl,Crystal Exploration and Production Company (Nassau) Limited
132,Megan Anwyl,Skywest Airlines Pty Ltd
132,Megan Anwyl,Atlas Iron Ltd
132,Megan Anwyl,CBus Property
132,Megan Anwyl,Mirvac Pty Ltd
132,Megan Anwyl,Magnetite Network
132,Megan Anwyl,Heliwest Group
132,Megan Anwyl,Youth Affairs Council WA
132,Megan Anwyl,Gindalbie Metals Ltd
132,Megan Anwyl,Grange Resources Ltd
132,Megan Anwyl,Iron Ore Holdings
132,Megan Anwyl,Braemar Iron Alliance
132,Megan Anwyl,Crosslands
132,Megan Anwyl,Alinta Energy
34,michael hitchens consulting,australian institute of petroleum
452,Michael Johnson Associates Pty Limited,Arrium Limited
444,Michael Megaw,Kimberley Land Council
444,Michael Megaw,Bank of Western Australia(Bankwest)
444,Michael Megaw,Aislinn Studios 905 Reen Road Gidgegannup WA 6083
444,Michael Megaw,Coogee Chemicals Pty Ltd
531,Migration Alliance Inc,Robert Balzola and Associates (Legal) Pty Ltd
577,MILNER STRATEGIC SERVICES PTY LTD & NEXT LEVEL HOLDINGS PTY LTD,YELLOW BRICK ROAD WEALTH MANAGEMENT PTY LIMITED
577,MILNER STRATEGIC SERVICES PTY LTD & NEXT LEVEL HOLDINGS PTY LTD,Venture Minerals
577,MILNER STRATEGIC SERVICES PTY LTD & NEXT LEVEL HOLDINGS PTY LTD,GVK
577,MILNER STRATEGIC SERVICES PTY LTD & NEXT LEVEL HOLDINGS PTY LTD,Adani Mining Pty Ltd
577,MILNER STRATEGIC SERVICES PTY LTD & NEXT LEVEL HOLDINGS PTY LTD,Bandanna Energy
356,Mr John Kindler,Pratt and Whitney Military Engines
25,National Public Affairs Group,Air-conditioning and Refrigeration Equipment Manufacturers Association
25,National Public Affairs Group,Lennox International
229,Nayton Communication Pty Ltd,Pluton Resources Limited
229,Nayton Communication Pty Ltd,Bauxite Alumina Joint Venture
229,Nayton Communication Pty Ltd,Astro Resources Ltd
229,Nayton Communication Pty Ltd,WA Onshore Gas group
229,Nayton Communication Pty Ltd,Potash West Ltd
447,NETTALP Pty Ltd,NetApp Australia
32,New Energy and  Resources Australia Pty Ltd,Australian Home Heating Association
32,New Energy and  Resources Australia Pty Ltd,Mindax Limited
32,New Energy and  Resources Australia Pty Ltd,Yilgarn Iron Producers Association Inc
32,New Energy and  Resources Australia Pty Ltd,VisiInc PLC
32,New Energy and  Resources Australia Pty Ltd,Radar Iron
32,New Energy and  Resources Australia Pty Ltd,WANA
565,Newgate Communications Pty Limited,Clontarf Foundation
565,Newgate Communications Pty Limited,Sydney Swans Ltd
565,Newgate Communications Pty Limited,Commonwealth Bank of Australia
565,Newgate Communications Pty Limited,The Trustee for Diversified Infrastructure Trust
565,Newgate Communications Pty Limited,Coalpac Pty Ltd
565,Newgate Communications Pty Limited,Google Australia Pty Ltd
565,Newgate Communications Pty Limited,Australian Airports Association
565,Newgate Communications Pty Limited,Whitehaven Coal Limited
565,Newgate Communications Pty Limited,Australia Post
565,Newgate Communications Pty Limited,Woolworths Limited
429,NTEC Australia Pty. Ltd.,Huawei Technologies Co. LTD.
3,Oceanic Solutions Pty Ltd,Navantia
86,Ogilvy PR Health,Prostate Cancer Foundation of Australia
86,Ogilvy PR Health,Merck Serono
86,Ogilvy PR Health,Genzyme
86,Ogilvy PR Health,Celgene
86,Ogilvy PR Health,sanofi-aventis
86,Ogilvy PR Health,Bristol-Myers Squibb
86,Ogilvy PR Health,Research Australia
86,Ogilvy PR Health,Australian Pompeâs Association
86,Ogilvy PR Health,Australian Diabetes Council
86,Ogilvy PR Health,CSL Limited
86,Ogilvy PR Health,CSL Biotherapies
86,Ogilvy PR Health,Abbott Australaisa
86,Ogilvy PR Health,Eli Lilly Australia
86,Ogilvy PR Health,Rare Voices Australia
86,Ogilvy PR Health,SMILE Foundation
86,Ogilvy PR Health,3M Australia
86,Ogilvy PR Health,Australian Association of Pathology Practices
86,Ogilvy PR Health,Garvan Research Foundation
86,Ogilvy PR Health,St George Hospital
86,Ogilvy PR Health,Fitness First
144,"O'MALLEY, Susanne Patricia",Device Technologies
427,Owen International Pty Ltd,Cobham Tactical Communications and Surveillance
427,Owen International Pty Ltd,Avon Protection
427,Owen International Pty Ltd,L3 Communications Corporation Warrior Systems Division Insight Technology
427,Owen International Pty Ltd,Airborne Systems Ltd
427,Owen International Pty Ltd,WFEL Limited
427,Owen International Pty Ltd,Esterline Defense Technologies
427,Owen International Pty Ltd,Aeronautical and General Instruments Ltd
427,Owen International Pty Ltd,NBC Group
309,Paramul Pty Ltd,Steritech
309,Paramul Pty Ltd,International Marketing Partnerships
309,Paramul Pty Ltd,Shandong Landbridge Group
309,Paramul Pty Ltd,Dourias Group Holdings
309,Paramul Pty Ltd,Brighton Council
309,Paramul Pty Ltd,ARTEC
282,Paris Walter Pty Ltd,Norilsk Nickel Australia Pty Ltd
282,Paris Walter Pty Ltd,Big Blue Water (NZ) Ltd
282,Paris Walter Pty Ltd,Dr Hofer (Austria) GmbH
282,Paris Walter Pty Ltd,Liana Allen
282,Paris Walter Pty Ltd,Migration Alliance
282,Paris Walter Pty Ltd,VETASSESS
72,Parker & Partners Pty Ltd,Bell Shakespeare
72,Parker & Partners Pty Ltd,Dubai Holdings
72,Parker & Partners Pty Ltd,CSL Limited
72,Parker & Partners Pty Ltd,Telstra
72,Parker & Partners Pty Ltd,Emirates Hotels & Resorts
72,Parker & Partners Pty Ltd,Emirates Airline
72,Parker & Partners Pty Ltd,Nestle
72,Parker & Partners Pty Ltd,STW Group Ltd
72,Parker & Partners Pty Ltd,Australian Institute of Company Directors
72,Parker & Partners Pty Ltd,Emirates Group
72,Parker & Partners Pty Ltd,WPP plc
72,Parker & Partners Pty Ltd,Children's Medical Research Institute
72,Parker & Partners Pty Ltd,The Jean Hailes Foundation
72,Parker & Partners Pty Ltd,McDonald's Australia
72,Parker & Partners Pty Ltd,AstraZeneca
72,Parker & Partners Pty Ltd,Vale Australia
72,Parker & Partners Pty Ltd,Conference of Asia Pacific Express Carriers
72,Parker & Partners Pty Ltd,Australian Olive Oil Association
72,Parker & Partners Pty Ltd,Biogen Idec Australia 
72,Parker & Partners Pty Ltd,bioCSL
72,Parker & Partners Pty Ltd,CSL Behring
72,Parker & Partners Pty Ltd,DuPont
72,Parker & Partners Pty Ltd,REST Industry Super
72,Parker & Partners Pty Ltd,Australian Veterinary Association
72,Parker & Partners Pty Ltd,Council of Private Higher Education
72,Parker & Partners Pty Ltd,Grain Growers Limited
72,Parker & Partners Pty Ltd,AIA Australia
72,Parker & Partners Pty Ltd,AuScope Limited
72,Parker & Partners Pty Ltd,Lung Foundation Australia
304,Patrick Russell Consulting Pty Ltd,Small to Medium Enterprise Australia
304,Patrick Russell Consulting Pty Ltd,Australian Marine Alliance
304,Patrick Russell Consulting Pty Ltd,Australian Marine Engine Council
304,Patrick Russell Consulting Pty Ltd,Outboard Engine Association of Australia
304,Patrick Russell Consulting Pty Ltd,Lease 65
298,Pavilion Consulting Pty Ltd,Genea
298,Pavilion Consulting Pty Ltd,Australasian Lymphology Association
298,Pavilion Consulting Pty Ltd,International Lymphoedema Framework Australia
546,Policy Australia Pty Ltd,Australian Digital Alliance
219,Policy Solutions Group Pty Ltd,HDY
219,Policy Solutions Group Pty Ltd,Assistive Technology Suppliers Australasia
219,Policy Solutions Group Pty Ltd,SITA 
219,Policy Solutions Group Pty Ltd,Allied Mills
573,Politic Political Advisors,Bower Group Asia
318,Porter Novelli Australia Pty Ltd,HVP Plantations
318,Porter Novelli Australia Pty Ltd,General Mills Australia
318,Porter Novelli Australia Pty Ltd,ACCIONA Energy
61,Preferential Publications Pty Ltd,Queensland Nurses Union
61,Preferential Publications Pty Ltd,NSW Nurses and Midwives Association
516,Premier State Consulting Pty Ltd,Australian Hotels Association (NSW)
516,Premier State Consulting Pty Ltd,Caltex Australia Limited
516,Premier State Consulting Pty Ltd,Employers Mutual Limited
516,Premier State Consulting Pty Ltd,Heartland Motors Pty Limited
516,Premier State Consulting Pty Ltd,Hill Rogers Spencer Steer
516,Premier State Consulting Pty Ltd,Malabar Coal Pty Ltd
516,Premier State Consulting Pty Ltd,Merivale Group (Hemmes Trading Pty Ltd)
516,Premier State Consulting Pty Ltd,New South Wales Minerals Council Limited
516,Premier State Consulting Pty Ltd,PricewaterhouseCoopers Australia Limited
516,Premier State Consulting Pty Ltd,Spur Hill Management Pty Ltd
516,Premier State Consulting Pty Ltd,Suncorp Group Limited
516,Premier State Consulting Pty Ltd,The Interact Group Pty Limited
516,Premier State Consulting Pty Ltd,Transfield Services (Australia) Pty Ltd
516,Premier State Consulting Pty Ltd,Young Menâs Christian Association of Sydney
516,Premier State Consulting Pty Ltd,Australian Power and Gas
516,Premier State Consulting Pty Ltd,Neville's Bus Service
516,Premier State Consulting Pty Ltd,Brookfield Multiplex
516,Premier State Consulting Pty Ltd,Echo Entertainment Group Limited
516,Premier State Consulting Pty Ltd,Mounties Group
516,Premier State Consulting Pty Ltd,Secure Parking Pty Ltd
516,Premier State Consulting Pty Ltd,Amalgamated Holdings Limited
516,Premier State Consulting Pty Ltd,Boyded Industries Pty Ltd
516,Premier State Consulting Pty Ltd,ENS International 
516,Premier State Consulting Pty Ltd,Primo Moraitis Fresh Pty Ltd
516,Premier State Consulting Pty Ltd,Gloucester Resources Limited
220,Primary Communication Pty Ltd,Alstom
220,Primary Communication Pty Ltd,The Butterfly Foundation
220,Primary Communication Pty Ltd,Scouts Australia
220,Primary Communication Pty Ltd,Sustainability Victoria
220,Primary Communication Pty Ltd,National Eating Disorders Collaboration
220,Primary Communication Pty Ltd,Delta Electricity Renewable Project
220,Primary Communication Pty Ltd,Gas Industry Alliance
220,Primary Communication Pty Ltd,Education Testing Service
220,Primary Communication Pty Ltd,Hunter Institute of Mental Health
220,Primary Communication Pty Ltd,Consulting Surveyors National
220,Primary Communication Pty Ltd,Elgas
339,Principled Public Relations and Public Affairs,Unitised Building
339,Principled Public Relations and Public Affairs,Indigenous Apprenticeship Scheme
339,Principled Public Relations and Public Affairs,CEPU PD
339,Principled Public Relations and Public Affairs,APESMA
339,Principled Public Relations and Public Affairs,Hickory
339,Principled Public Relations and Public Affairs,Plumbing Industry Climate Action Centre
283,Probity International Pty. Ltd,Elbit
283,Probity International Pty. Ltd,Intech Strategies
283,Probity International Pty. Ltd,ZTE (AUSTRALIA) PTY LTD
109,Profile Management Consultants Pty Ltd as Trustee for Profile Trust,Grocon Pty Ltd
109,Profile Management Consultants Pty Ltd as Trustee for Profile Trust,Metcash Trading Limited
109,Profile Management Consultants Pty Ltd as Trustee for Profile Trust,Macquarie Group
109,Profile Management Consultants Pty Ltd as Trustee for Profile Trust,PPB Advisory
109,Profile Management Consultants Pty Ltd as Trustee for Profile Trust,Lend Lease Infrastructure Services
109,Profile Management Consultants Pty Ltd as Trustee for Profile Trust,ATEC Rail Group
109,Profile Management Consultants Pty Ltd as Trustee for Profile Trust,Hobart International Airport Pty Ltd
109,Profile Management Consultants Pty Ltd as Trustee for Profile Trust,Computer Sciences Corporation
109,Profile Management Consultants Pty Ltd as Trustee for Profile Trust,Herbert Smith Freehills
109,Profile Management Consultants Pty Ltd as Trustee for Profile Trust,Markham Corporation
109,Profile Management Consultants Pty Ltd as Trustee for Profile Trust,Calibre Global
84,Providence NDR Pty Ltd,Intermoco Ltd
84,Providence NDR Pty Ltd,Yoogalu Pty Ltd
84,Providence NDR Pty Ltd,Brighton Council
84,Providence NDR Pty Ltd,Dourias Group Holdings
84,Providence NDR Pty Ltd,Derwent Park Developments
84,Providence NDR Pty Ltd,E. Kalis Properties Pty Ltd
84,Providence NDR Pty Ltd,Brighton Industrial and Housing Corporation
84,Providence NDR Pty Ltd,Australian Wooden Boat Festival
127,PRX Unit Trust,Jetstar
127,PRX Unit Trust,State Library of Victoria
127,PRX Unit Trust,Carlton Football Club
127,PRX Unit Trust,St Kevin's College
127,PRX Unit Trust,Hawthorn Resources Limited
127,PRX Unit Trust,Legacy Foundation
127,PRX Unit Trust,Caterpillar
127,PRX Unit Trust,Winport International
127,PRX Unit Trust,Plenary Group
127,PRX Unit Trust,Intralot Australia
127,PRX Unit Trust,Maxxia
127,PRX Unit Trust,MIssion Australia
127,PRX Unit Trust,Contango Capital Partners
127,PRX Unit Trust,Australian Psychological Society
127,PRX Unit Trust,J P Downey  and Co
127,PRX Unit Trust,Cardel Pty Ltd
127,PRX Unit Trust,Tronos Jet Maintenance
127,PRX Unit Trust,Tensor Building Technologies
127,PRX Unit Trust,A Gas
127,PRX Unit Trust,BrainLink Services
127,PRX Unit Trust,Nexia Australia
127,PRX Unit Trust,Utility Asset Management
127,PRX Unit Trust,The Eastern Golf Club
127,PRX Unit Trust,Australasian Playgrounds
127,PRX Unit Trust,AXF Group
127,PRX Unit Trust,IOOF
127,PRX Unit Trust,HWD Australia
127,PRX Unit Trust,The trustee for Lovely Banks Management Unit Trust 
127,PRX Unit Trust,Kmart Australia
127,PRX Unit Trust,Tyresmart Australia Pty Ltd
127,PRX Unit Trust,ING Real Estate Development Australia Pty Limited
127,PRX Unit Trust,Sunshine Groupe
89,Public Affairs Network Pty Ltd,Campbell Arnott's
68,Public Policy Solutions Pty Ltd,Transurban Ltd
68,Public Policy Solutions Pty Ltd,Res Publica Pty Ltd
68,Public Policy Solutions Pty Ltd,Surfaid
68,Public Policy Solutions Pty Ltd,Lion Nathan Australia Ltd
68,Public Policy Solutions Pty Ltd,Telstra
68,Public Policy Solutions Pty Ltd,Ecotechnol
68,Public Policy Solutions Pty Ltd,National Foods
68,Public Policy Solutions Pty Ltd,Nine Entertainment Company
68,Public Policy Solutions Pty Ltd,ResourceCo Pty Ltd
68,Public Policy Solutions Pty Ltd,Thoroughbred Breeders Australia
68,Public Policy Solutions Pty Ltd,corporate carbon advisory pty ltd
242,Purple Communications Australia Pty Ltd,Energy and Minerals Australia
242,Purple Communications Australia Pty Ltd,Rey Resources
242,Purple Communications Australia Pty Ltd,City of Melville
242,Purple Communications Australia Pty Ltd,WA Independent Power Association Inc 
242,Purple Communications Australia Pty Ltd,Northern Minerals 
242,Purple Communications Australia Pty Ltd,Medibank Private 
242,Purple Communications Australia Pty Ltd,FEX
242,Purple Communications Australia Pty Ltd,Fortescue Metals Group
242,Purple Communications Australia Pty Ltd,Bunge 
242,Purple Communications Australia Pty Ltd,International Mining for Development Centre
242,Purple Communications Australia Pty Ltd,Indigenous Construction Resource Group Pty Ltd (ICRG)
29,Pynfall Pty Ltd,Project System & Management GmbH
446,R A Neilson and M Salmon,Garry and Marilyn Nicholas
492,Rachael Sweeney ,Regional Capitals Australia 
492,Rachael Sweeney ,Victorian Wine Industry Association Inc (Wine Victoria)
14,Ranicar and Nicholls Consulting,Intercorp Pty Limited
14,Ranicar and Nicholls Consulting,Blue Glue Pty Ltd
14,Ranicar and Nicholls Consulting,Acacia Research Pty Ltd
14,Ranicar and Nicholls Consulting,DSIT Solutions Ltd
22,RedStick Strategic Communications,Deakin University
22,RedStick Strategic Communications,Costa Group of Companies
22,RedStick Strategic Communications,Geelong Football Club
22,RedStick Strategic Communications,City of Greater Geelong
22,RedStick Strategic Communications,Australian Centre of Excellence for Risk Analysis
22,RedStick Strategic Communications,St John of God Healthcare
22,RedStick Strategic Communications,Northern Futures
22,RedStick Strategic Communications,Time for Youth
22,RedStick Strategic Communications,Geelong Performing Arts Centre
22,RedStick Strategic Communications,Avalon Airport
22,RedStick Strategic Communications,EMC Group
22,RedStick Strategic Communications,GCEID Geelong Centre for Emerging Infectious Diseases
22,RedStick Strategic Communications,Barwon Health
22,RedStick Strategic Communications,Australian Ballet
22,RedStick Strategic Communications,Armstrong Creek Development Corporation
22,RedStick Strategic Communications,Keystone Business Park
22,RedStick Strategic Communications,St Laurence
22,RedStick Strategic Communications,Mandalay
22,RedStick Strategic Communications,Barwon Medicare Local
22,RedStick Strategic Communications,PGG Wrightson Seeds
22,RedStick Strategic Communications,Festival of Sails
22,RedStick Strategic Communications,The Good Foundation
22,RedStick Strategic Communications,Geelong Manufacturing Council
22,RedStick Strategic Communications,Geelong Gallery
22,RedStick Strategic Communications,Royal Geelong Yacht Club
22,RedStick Strategic Communications,Metricon Homes
22,RedStick Strategic Communications,WHK Audit and Insurance Pty Ltd
22,RedStick Strategic Communications,Vincentcare
22,RedStick Strategic Communications,Harwood Andrews Lawyers
22,RedStick Strategic Communications,Encompass
22,RedStick Strategic Communications,Glastonbury Community Services
22,RedStick Strategic Communications,Luv A Duck
22,RedStick Strategic Communications,Committee for Geelong
22,RedStick Strategic Communications,Telstra
563,"Reith, Peter Keaston",Bechtel Management Company Ltd
91,REPUBLIC Consulting,Lions Australia
91,REPUBLIC Consulting,Travelscene
91,REPUBLIC Consulting,Stella Travel Services
91,REPUBLIC Consulting,Insead
91,REPUBLIC Consulting,American Express
24,Repute Communications and Associates Pty Ltd,SVITZER
24,Repute Communications and Associates Pty Ltd,RichmondPRA
98,Res Publica Pty Ltd,Transurban
98,Res Publica Pty Ltd,The Australian Private Equity & Venture Capital Association (AVCAL)
98,Res Publica Pty Ltd,Plenary Group Australia
98,Res Publica Pty Ltd,Fitness Australia
98,Res Publica Pty Ltd,SpinalCure Australia
98,Res Publica Pty Ltd,Cosmetic Physicians Society of Australasia (CPSA)
98,Res Publica Pty Ltd,Australian Association of National Advertisers (AANA)
98,Res Publica Pty Ltd,Unilever
98,Res Publica Pty Ltd,Yellow Brick Road
98,Res Publica Pty Ltd,Coalition for Advancement of Medical Research Australia
98,Res Publica Pty Ltd,Zuffa Australia LLC (Ultimate Fighting Championship)
98,Res Publica Pty Ltd,Valley Longwall International
98,Res Publica Pty Ltd,Lion 
98,Res Publica Pty Ltd,Priceline 
497,Resolution Junction,Wavlink Incorporated
497,Resolution Junction,The Oakleigh Centre
497,Resolution Junction,Monash Mens Shed
587,Richard Gilbert Corporate Advisory Pty Ltd,Perpetual Ltd
587,Richard Gilbert Corporate Advisory Pty Ltd,Energy Industries Superannuation Scheme Pty Ltd
587,Richard Gilbert Corporate Advisory Pty Ltd,Rule of Law Institute of Australia Inc
35,Richardson Coutts,Merck Serono Australia Pty Ltd
35,Richardson Coutts,Australian Associated Press
35,Richardson Coutts,Intergraph
35,Richardson Coutts,Boveri Defence Systems
35,Richardson Coutts,McKinsey and Company
35,Richardson Coutts,Norton Rose Australia
35,Richardson Coutts,Jagermeister
35,Richardson Coutts,Royal Caribbean Line Australia
35,Richardson Coutts,Brookfield Infrastructure Group
35,Richardson Coutts,FIPRA
35,Richardson Coutts,Anglo American
35,Richardson Coutts,Optus
35,Richardson Coutts,Law In Order
35,Richardson Coutts,Sydney Marine Sand
35,Richardson Coutts,Firebird Management LLC
35,Richardson Coutts,Goodman
35,Richardson Coutts,The Institute of Patent and Trade Mark Attorneys of Australia
35,Richardson Coutts,Moorebank Intermodal Company
35,Richardson Coutts,Allocate Software
44,Richglen Holdings Pty Ltd,Muscular Dystrophy Australia
395,Right Angle Business Services Pty Ltd,Australian Solar Group Limited
395,Right Angle Business Services Pty Ltd,Eastern Iron Limited
395,Right Angle Business Services Pty Ltd,H2O Conservation Solutions Pty Ltd
395,Right Angle Business Services Pty Ltd,The University Of Adelaide 
527,Robert J.L. Hawke & Associates Pty Ltd,Australia Sinofortune International Investment (Group) Pty Ltd (ACN 152 954 679)
527,Robert J.L. Hawke & Associates Pty Ltd,Kimberley Agricultural Investment Pty Ltd (ACN 154 270 194)
511,Robert Palmer,Australian Maritime College
67,Roland William Manning,Computachem Pharmacy Services
67,Roland William Manning,Wangatunga Strong Woomen's Group 
67,Roland William Manning,Batchelor Institute of Indigenous Tertiary Education
67,Roland William Manning,Charles Darwin UniversityPharmacy Discipline
67,Roland William Manning,Centre for Chronic Disease SOM UQ
439,Royce (Vic) Pty Ltd,Bosch Australia
439,Royce (Vic) Pty Ltd,Melbourne Airport
439,Royce (Vic) Pty Ltd,Basslink
439,Royce (Vic) Pty Ltd,Steritech
539,Sales Harvest Pty Ltd,Healix Australia
539,Sales Harvest Pty Ltd,CareFlight Limited
126,Salmon Odgers Family Trust,Australian Content Industry Group
276,Santo Santoro Consulting,NEC Australia Pty Ltd
276,Santo Santoro Consulting,Gerard Lighting Group Limited
276,Santo Santoro Consulting,Restaurant and Catering Australia
276,Santo Santoro Consulting,Technology One
276,Santo Santoro Consulting,Mantle Group
276,Santo Santoro Consulting,Salini Australia Pty Ltd
276,Santo Santoro Consulting,Mckenzie Aged Care Group
276,Santo Santoro Consulting,Port of Brisbane
276,Santo Santoro Consulting,Aurizon Rail
276,Santo Santoro Consulting,Intalock Technologies Pty Ltd
276,Santo Santoro Consulting,Winslow Group
276,Santo Santoro Consulting,Pharmhouse Administration Pty Ltd 
498,Sapere,Brighton Council
498,Sapere,Brighton Industry and Housing Corporation
498,Sapere,Dourias Group Holdings
498,Sapere,OfficeMax Australia Ltd
498,Sapere,Bellerive Yacht Club Inc
227,SAS Consulting Group Pty Ltd,Prysmian Cables & Systems Australia
227,SAS Consulting Group Pty Ltd,ERM Power Pty Ltd
227,SAS Consulting Group Pty Ltd,SEQ Catchments
227,SAS Consulting Group Pty Ltd,ECA Master Electricians
227,SAS Consulting Group Pty Ltd,The Manildra Group
227,SAS Consulting Group Pty Ltd,Global Philanthropic
227,SAS Consulting Group Pty Ltd,Shenhua Watermark 
227,SAS Consulting Group Pty Ltd,BUSY at Work
227,SAS Consulting Group Pty Ltd,United Petroleum
227,SAS Consulting Group Pty Ltd,Blackwood Corporation 
227,SAS Consulting Group Pty Ltd,WellDog
227,SAS Consulting Group Pty Ltd,Australian Lawyers Alliance 
227,SAS Consulting Group Pty Ltd,Lives Lived Well
227,SAS Consulting Group Pty Ltd,Services Trades Queensland (STQ)
227,SAS Consulting Group Pty Ltd,Carabella Resources Limited
486,SCG Advisory Pty Ltd,Linfox Australia Pty Ltd
486,SCG Advisory Pty Ltd,DollarsDirect
486,SCG Advisory Pty Ltd,Informatel
486,SCG Advisory Pty Ltd,SSL
486,SCG Advisory Pty Ltd,Quest Serviced Apartments
486,SCG Advisory Pty Ltd,Live Payments Pty Ltd
167,Scott & Beaumont Pty Ltd,ConnectLand Pty Ltd; Koppers Australia
167,Scott & Beaumont Pty Ltd,WSLloyd
143,Sefiani Communications Group,St George Bank
143,Sefiani Communications Group,Luxottica Australia
143,Sefiani Communications Group,Special Olympics Australia
143,Sefiani Communications Group,SITA Environmental Solutions
143,Sefiani Communications Group,Western Sydney Institute
143,Sefiani Communications Group,The Hospitals Contribution Fund of Australia (HCF)
171,Shac Communications Pty Ltd ATF The Shac Trust,Leighton Contractors
171,Shac Communications Pty Ltd ATF The Shac Trust,Rheem
171,Shac Communications Pty Ltd ATF The Shac Trust,World Firefighters Games
171,Shac Communications Pty Ltd ATF The Shac Trust,Sunland Group
171,Shac Communications Pty Ltd ATF The Shac Trust,JELDWEN Australia Pty Ltd
571,Simpson Paterson Pty Ltd,Sinclair Brook
571,Simpson Paterson Pty Ltd,Dimension Data plc
82,Socom Pty Ltd,Gippsland Local Government Network
82,Socom Pty Ltd,The Interface Councils
82,Socom Pty Ltd,South East Metro Councils
82,Socom Pty Ltd,Australian Golf Industry Council
82,Socom Pty Ltd,Rural Councils Victoria 
11,Sofema,MBDA (European Military Systems Company)
11,Sofema,Sagem Defense Securite (French Military Technology Company)
11,Sofema,Sperian Defense (NBC Equipment)
225,SPIER CONSULTING P/L,Queensland Newsagents
225,SPIER CONSULTING P/L,KOUNDOURIS GROUP
225,SPIER CONSULTING P/L,NSW NEWSAGENTS
225,SPIER CONSULTING P/L,AHA
225,SPIER CONSULTING P/L,MANILDRA GROUP
225,SPIER CONSULTING P/L,MILDURA FRUIT COMPANY
225,SPIER CONSULTING P/L,RESMED
239,Sports Hydrant Pty Ltd,AMP
239,Sports Hydrant Pty Ltd,DFA Australia
239,Sports Hydrant Pty Ltd,Virgin Blue Group of Airlines
239,Sports Hydrant Pty Ltd,Eftpos Payments Australia
239,Sports Hydrant Pty Ltd,Confederation of Australian Sport
239,Sports Hydrant Pty Ltd,Medibank Private
239,Sports Hydrant Pty Ltd,Touch Football Australia
239,Sports Hydrant Pty Ltd,The Brumbies
239,Sports Hydrant Pty Ltd,Link Digital
239,Sports Hydrant Pty Ltd,Australian Gulf Council
239,Sports Hydrant Pty Ltd,Australian Sports Goods Association
239,Sports Hydrant Pty Ltd,Australian Fishing Trades Association
239,Sports Hydrant Pty Ltd,Surfing Australia
239,Sports Hydrant Pty Ltd,Australian Drug Foundation
239,Sports Hydrant Pty Ltd,ACT Government
239,Sports Hydrant Pty Ltd,Australian Rugby Union
239,Sports Hydrant Pty Ltd,ESPN
239,Sports Hydrant Pty Ltd,Professional Golfers Association of Australia Ltd
239,Sports Hydrant Pty Ltd,Molonglo Financial Services Ltd
239,Sports Hydrant Pty Ltd,Australian Golf Industry Council
239,Sports Hydrant Pty Ltd,Australian British Chamber of Commerce
239,Sports Hydrant Pty Ltd,National Rugby League Ltd
239,Sports Hydrant Pty Ltd,Hockey Australia Ltd
239,Sports Hydrant Pty Ltd,Equestrian Australia Ltd
239,Sports Hydrant Pty Ltd,The Big Issue in Australia Ltd
239,Sports Hydrant Pty Ltd,Australian University Sport Ltd
239,Sports Hydrant Pty Ltd,Local Organising Committee AFC Asian Cup Australia 2015 Ltd
108,ST CLAIR Anthony William,MBDenergy
108,ST CLAIR Anthony William,Envest Eco City Pty Ltd
490,Staindl Strategic Pty Ltd,Clean Energy Council
490,Staindl Strategic Pty Ltd,Pacific Hydro
490,Staindl Strategic Pty Ltd,Air Conditioning and Mechanical Contractors' Association of Australia (Victoria)
490,Staindl Strategic Pty Ltd,Australian Traditional Medicine Society
490,Staindl Strategic Pty Ltd,Sita Environmental Solutions
490,Staindl Strategic Pty Ltd,East Gippsland Shire  Council
490,Staindl Strategic Pty Ltd,Gippsland Regional Leadership Group
490,Staindl Strategic Pty Ltd,Latrobe Fertiliser Project Pty Ltd
490,Staindl Strategic Pty Ltd,LD Network
66,Statecraft,Epilepsy Action Australia
66,Statecraft,Cockatoo Coal
66,Statecraft,POSCO Australia
66,Statecraft,KEPCO Australia
66,Statecraft,Hume Coal
66,Statecraft,Kellogg Australia
66,Statecraft,Novartis
66,Statecraft,Dimension Data
66,Statecraft,Merck Sharp and Dohme Australia
66,Statecraft,Abbott Diabetes Care
66,Statecraft,Bouygues Construction Australia
66,Statecraft,Wyndham Vacation Resorts
66,Statecraft,Medicines Australia
66,Statecraft,Moelis and Company
66,Statecraft,iSelect
66,Statecraft,Pulmonary Hypertension Society ANZ Inc. 
66,Statecraft,AbbVie Pty Ltd
66,Statecraft,Asciano Limited
66,Statecraft,Allergan
66,Statecraft,Johnson and Johnson Medical
66,Statecraft,Unity Resources Group
331,Stitch in Time (NT) Pty Ltd,Shorecorporate Pty Ltd
385,Strategic Partnership Group (Aust) Pty Limited,Fertility Society of Australia
385,Strategic Partnership Group (Aust) Pty Limited,IVF Directors Group
385,Strategic Partnership Group (Aust) Pty Limited,Linfox Pty Limited
385,Strategic Partnership Group (Aust) Pty Limited,Baseplan Software Pty Limited
385,Strategic Partnership Group (Aust) Pty Limited,National In Home Care Association
385,Strategic Partnership Group (Aust) Pty Limited,Australian Fertility Medicine Foundation
385,Strategic Partnership Group (Aust) Pty Limited,Performance English Pty Ltd
528,SYSTECH Consultants Pty Ltd,Hagenuk Marinekommunikation GmbH
528,SYSTECH Consultants Pty Ltd,EADS Deutschland GmbH (Cassidian)
235,The Agenda Group Pty Ltd,Epworth Health Care
235,The Agenda Group Pty Ltd,Regional Capitals Australia
9,The Canberra Institute,Emirates Trading Australia
292,The Civic Group Pty Ltd and Highchair Pty Ltd,Australian Music Association
292,The Civic Group Pty Ltd and Highchair Pty Ltd,Prudentia Investments Pty Ltd
292,The Civic Group Pty Ltd and Highchair Pty Ltd,Detained in Dubai
292,The Civic Group Pty Ltd and Highchair Pty Ltd,Invictus Solutions Pty Ltd trading as Majella Global Technologies
292,The Civic Group Pty Ltd and Highchair Pty Ltd,JCP Investment Partners Ltd
292,The Civic Group Pty Ltd and Highchair Pty Ltd,Asahi Group Holdings Ltd
292,The Civic Group Pty Ltd and Highchair Pty Ltd,Australian Commercial and Entertainment Technologies Association
292,The Civic Group Pty Ltd and Highchair Pty Ltd,Meridian Energy Australia Pty Ltd
292,The Civic Group Pty Ltd and Highchair Pty Ltd,Independent Distillers (Aust) Pty Ltd
292,The Civic Group Pty Ltd and Highchair Pty Ltd,Asahi Premium Beverages Pty Ltd
292,The Civic Group Pty Ltd and Highchair Pty Ltd,Australian Multicultural Community Services
90,The Fifth Estate Consultancy Pty Ltd,Visy Pty Ltd
90,The Fifth Estate Consultancy Pty Ltd,Tandou Limited
90,The Fifth Estate Consultancy Pty Ltd,Pratt Holdings Pty Ltd
90,The Fifth Estate Consultancy Pty Ltd,MacMines Austasia Pty Lted
90,The Fifth Estate Consultancy Pty Ltd,Meijin Energy Group Co Ltd
90,The Fifth Estate Consultancy Pty Ltd,Australian Agricultural Company
560,The Hocking Group Pty Ltd,Locata Corporation Pty Ltd
450,The Humphrey Company Pty Limited,AMI International
450,The Humphrey Company Pty Limited,Project Flinders Pty Ltd
350,The Narrative Investments Pty Ltd,Chan and Naylor
350,The Narrative Investments Pty Ltd,Manufacturing Australia
350,The Narrative Investments Pty Ltd,Tigerair
350,The Narrative Investments Pty Ltd,Tech Mahindra
268,The Premier Communications Group Pty Ltd.,Rhomberg Rail Australia
268,The Premier Communications Group Pty Ltd.,Phebra
268,The Premier Communications Group Pty Ltd.,Astute Training
268,The Premier Communications Group Pty Ltd.,ASR Pro Football
268,The Premier Communications Group Pty Ltd.,AA Crown Holdings
268,The Premier Communications Group Pty Ltd.,IDraft Design Group
268,The Premier Communications Group Pty Ltd.,Evolve Housing
268,The Premier Communications Group Pty Ltd.,Hadcon Constructions
268,The Premier Communications Group Pty Ltd.,Global Orthopaedic Technology
268,The Premier Communications Group Pty Ltd.,Cassegrain Wines
268,The Premier Communications Group Pty Ltd.,Funerals of Compassion
268,The Premier Communications Group Pty Ltd.,VASP Group
268,The Premier Communications Group Pty Ltd.,Concrete Recyclers
268,The Premier Communications Group Pty Ltd.,Resort Living Group
268,The Premier Communications Group Pty Ltd.,Australasian Health Manufacturers and Development Association Incorporated
268,The Premier Communications Group Pty Ltd.,Australian Nursing and Midwifery Federation 
268,The Premier Communications Group Pty Ltd.,Bello Cafe Pty Ltd.
408,The Six Hats - Investor Relations Pty Ltd,Wentworth Community Housing 
408,The Six Hats - Investor Relations Pty Ltd,Stroud Heritage Conservation Incorporated
95,The Strategic Counsel Pty Ltd,Roche Products
95,The Strategic Counsel Pty Ltd,Blackmores
95,The Strategic Counsel Pty Ltd,Hearing Care Industry Association
95,The Strategic Counsel Pty Ltd,Australian Pharmaceutical Industries Ltd
95,The Strategic Counsel Pty Ltd,Aspen Medical Pty Ltd
95,The Strategic Counsel Pty Ltd,Cochlear Limited (Asia Pacific)
95,The Strategic Counsel Pty Ltd,Genomic Health Inc
95,The Strategic Counsel Pty Ltd,Hear and Say  First Voice
95,The Strategic Counsel Pty Ltd,Servier Laboratories (Aust) Pty Ltd
95,The Strategic Counsel Pty Ltd,Vision Eye Institute
95,The Strategic Counsel Pty Ltd,Abbott Australasia.Pty Ltd
95,The Strategic Counsel Pty Ltd,Post and Antenatal Depression Association 
95,The Strategic Counsel Pty Ltd,Fresenius Kabi Australia Pty Ltd
95,The Strategic Counsel Pty Ltd,NHD HOldCo Pty Ltd
95,The Strategic Counsel Pty Ltd,bioCSL Pty Limited
424,The Taylor Street Consultancy P/L,Capella Capital
424,The Taylor Street Consultancy P/L,Lend Lease
424,The Taylor Street Consultancy P/L,Intercontinental Hotels Group
424,The Taylor Street Consultancy P/L,National Rugby League
424,The Taylor Street Consultancy P/L,Parramatta City Council
424,The Taylor Street Consultancy P/L,NRMA Motoring and Services 
424,The Taylor Street Consultancy P/L,Parramatta National Rugby League Club
424,The Taylor Street Consultancy P/L,Brisbane Airport Corporation Pty Limited
145,The Trustee for Bespoke Approach Unit Trust,KKR
145,The Trustee for Bespoke Approach Unit Trust,Genesee  Wyoming Australia
145,The Trustee for Bespoke Approach Unit Trust,Sky City
145,The Trustee for Bespoke Approach Unit Trust,Nyrstar
145,The Trustee for Bespoke Approach Unit Trust,ASC Pty Ltd
145,The Trustee for Bespoke Approach Unit Trust,Wesfarmers Limited
145,The Trustee for Bespoke Approach Unit Trust,SICPA
145,The Trustee for Bespoke Approach Unit Trust,Singapore Power
145,The Trustee for Bespoke Approach Unit Trust,Hansen Yuncken Pty Ltd and Leighton Contractors Pty Ltd Joint Venture
145,The Trustee for Bespoke Approach Unit Trust,Yancoal Australia Limited
145,The Trustee for Bespoke Approach Unit Trust,Lend Lease Corporation Limited
145,The Trustee for Bespoke Approach Unit Trust,Financial Planning Association of Australia Limited
145,The Trustee for Bespoke Approach Unit Trust,Santos Ltd
145,The Trustee for Bespoke Approach Unit Trust,Murray Goulburn Co-Operative Co. Limited 
145,The Trustee for Bespoke Approach Unit Trust,Co-operative Bulk Handling Limited
145,The Trustee for Bespoke Approach Unit Trust,The Trustee for The PricewaterhouseCoopers Services Trust
589,The Trustee for Bespoke Territory Unit Trust,Charles Darwin University
589,The Trustee for Bespoke Territory Unit Trust,Paspaley Group of Companies
589,The Trustee for Bespoke Territory Unit Trust,Mobile LNG Pty Ltd
550,The Trustee for Connelly Project Resources,Australia Zoo
550,The Trustee for Connelly Project Resources,Holcim (Australia) Pty Ltd
550,The Trustee for Connelly Project Resources,WJFN Holdings Pty Ltd
550,The Trustee for Connelly Project Resources,Wesley Mission Brisbane
550,The Trustee for Connelly Project Resources,Moreton Bay Sands P/L
550,The Trustee for Connelly Project Resources,Pine River Holdings P/L
550,The Trustee for Connelly Project Resources,Maroochydore Sands P/L
420,The trustee for ECG Advisory Trust,Wesfarmers
420,The trustee for ECG Advisory Trust,Cambridge ESOL
420,The trustee for ECG Advisory Trust,JDRF
420,The trustee for ECG Advisory Trust,Dubai Ports World Australia
420,The trustee for ECG Advisory Trust,Coles Supermarkets
420,The trustee for ECG Advisory Trust,Westpac Banking Corporation
420,The trustee for ECG Advisory Trust,National Retail Association
420,The trustee for ECG Advisory Trust,Serco Asia Pacific 
420,The trustee for ECG Advisory Trust,Transurban Group 
420,The trustee for ECG Advisory Trust,Youth Care WA
420,The trustee for ECG Advisory Trust,Peet Limited
41,The Trustee for Hilton Valley Investment,Outdoor Education Group
41,The Trustee for Hilton Valley Investment,R_Co Graphics
41,The Trustee for Hilton Valley Investment,Clean Energy Council
28,The Trustee for Markeit Family Trust,Gambit Technologies
28,The Trustee for Markeit Family Trust,Modular Engineered Building Systems Pty Ltd
28,The Trustee for Markeit Family Trust,Biocentral Laboratories
28,The Trustee for Markeit Family Trust,Australian Infrastructure Developments
534,The trustee for McFarlane Family Trust,Cobbora Holding Company
595,The trustee for Paripi Trust,One Click Interactive Pty  Ltd
117,The Trustee for the Bowden Family Trust,Group Training Australia
117,The Trustee for the Bowden Family Trust,TAFE Directors Australia
117,The Trustee for the Bowden Family Trust,Australian Self Medication Industry
117,The Trustee for the Bowden Family Trust,Mick Young Scholarship Trust
256,THE TRUSTEE FOR THE KIRCHMANN FAMILY TRUST,Mundipharma Pty Ltd
256,THE TRUSTEE FOR THE KIRCHMANN FAMILY TRUST,UCB Limited
256,THE TRUSTEE FOR THE KIRCHMANN FAMILY TRUST,Aspen Pharma Pty Ltd
256,THE TRUSTEE FOR THE KIRCHMANN FAMILY TRUST,Cambrooke Foods
256,THE TRUSTEE FOR THE KIRCHMANN FAMILY TRUST,Ego Pharamceuticals Pty Ltd
256,THE TRUSTEE FOR THE KIRCHMANN FAMILY TRUST,AbbVie Pty Ltd
256,THE TRUSTEE FOR THE KIRCHMANN FAMILY TRUST,Convatec Pty Ltd
256,THE TRUSTEE FOR THE KIRCHMANN FAMILY TRUST,Cortex Health
256,THE TRUSTEE FOR THE KIRCHMANN FAMILY TRUST,ABBOTT DIABETESE CARE
256,THE TRUSTEE FOR THE KIRCHMANN FAMILY TRUST,Astellas Australia Pty Ltd
199,The Trustee for The OneProfile Communications Unit Trust,Liquidnet Australia
240,The Write Connection Pty Ltd,Australian Technology Group of Universities
240,The Write Connection Pty Ltd,InterGen (Australia)
240,The Write Connection Pty Ltd,SA Power Networks 
328,THEMA Consulting Pty Ltd,Shire Australia Pty Ltd
328,THEMA Consulting Pty Ltd,Becton Dickinson
328,THEMA Consulting Pty Ltd,MerckSerono
328,THEMA Consulting Pty Ltd,sanofi aventis
328,THEMA Consulting Pty Ltd,Allergan Australia
328,THEMA Consulting Pty Ltd,Bayer Australia Ltd
152,TJM Consulting,Optometrist Association Australia NSW Division
152,TJM Consulting,Ace Gutters Pty Ltd
152,TJM Consulting,NSW Gaelic Athletic Association Inc
540,TOURISM THINK TANK PTY LTD,CORAL BREEZE PTY LTD
540,TOURISM THINK TANK PTY LTD,EATON PLACE PTY LTD
540,TOURISM THINK TANK PTY LTD,Mango Beach Port Douglas Pty Ltd
540,TOURISM THINK TANK PTY LTD,QRE Pty Ltd
482,Transnational Consultancy and Training Services Pty Ltd,Bribie Bayside Cab Company Pty Ltd   DVA 
203,Trustee for Consultum Trust,Pearls Australasia
203,Trustee for Consultum Trust,Ridong Gold Coast Developments pty Ltd
203,Trustee for Consultum Trust,Sheraton Mirage Resort and Spa
203,Trustee for Consultum Trust,Leda Group
203,Trustee for Consultum Trust,Verde Property Pty Ltd
203,Trustee for Consultum Trust,Gold Coast Island Adventures
161,Vanguard Consulting and Services Pty Ltd,Specialist Connect Pty Ltd (SCPL)
161,Vanguard Consulting and Services Pty Ltd,Australian Society of Ophthalmologists (ASO)
161,Vanguard Consulting and Services Pty Ltd,Australian Army Training Team Vietnam (AATTV) Association
161,Vanguard Consulting and Services Pty Ltd,Central Queensland Hospital and Health Service (CQHHS)
463,Walker Watterson Holdings Pty Ltd,Riverbed
463,Walker Watterson Holdings Pty Ltd,Nutanix
463,Walker Watterson Holdings Pty Ltd,Emerson Network Power Australia Pty Ltd
463,Walker Watterson Holdings Pty Ltd,BIS Shrapnel Pty Limited
463,Walker Watterson Holdings Pty Ltd,Avaya Australia Pty Ltd
463,Walker Watterson Holdings Pty Ltd,Motorola Solutions Australia Pty Limited
97,Wayne Smith,Algae.Tec
97,Wayne Smith,All Energy Events Pty Ltd
97,Wayne Smith,Renewable Energy Traders Australia
97,Wayne Smith,REC Agents Association
97,Wayne Smith,WestGen Pty Ltd
97,Wayne Smith,Australian Solar Council
97,Wayne Smith,True Value Solar
97,Wayne Smith,SolarBusinessServices
97,Wayne Smith,Greenbank Environmental
428,Weber Shandwick Worldwide,AstraZeneca Pty Ltd
428,Weber Shandwick Worldwide,Nutricia Australia Pty Ltd
428,Weber Shandwick Worldwide,IHMS
428,Weber Shandwick Worldwide,G4S
428,Weber Shandwick Worldwide,Australian Aerospace Limited
428,Weber Shandwick Worldwide,Ocean Spray
503,WELLS HASLEM STRATEGIC PUBLIC AFFAIRS PTY. LTD.,Zurich Financial Services Australia Limited
503,WELLS HASLEM STRATEGIC PUBLIC AFFAIRS PTY. LTD.,Boehringer Ingelheim Pty Ltd
503,WELLS HASLEM STRATEGIC PUBLIC AFFAIRS PTY. LTD.,Insurance Council of Australia
503,WELLS HASLEM STRATEGIC PUBLIC AFFAIRS PTY. LTD.,Sonartech Atlas Pty Ltd
503,WELLS HASLEM STRATEGIC PUBLIC AFFAIRS PTY. LTD.,Manly-Warringah Sea Eagles Limited
503,WELLS HASLEM STRATEGIC PUBLIC AFFAIRS PTY. LTD.,Church of Scientology Australia
503,WELLS HASLEM STRATEGIC PUBLIC AFFAIRS PTY. LTD.,No TasWind Farm Group
503,WELLS HASLEM STRATEGIC PUBLIC AFFAIRS PTY. LTD.,AMP Limited
502,White House Communications,Vestas Australia Wind Technology Pty Ltd
502,White House Communications,Amex Corporation
502,White House Communications,Samaritan House
502,White House Communications,La Salle Investment Management
502,White House Communications,Gleaner Developments
62,Wilkinson Group,CO2 Australia
62,Wilkinson Group,Nestle Australia
62,Wilkinson Group,Achieve Australia Ltd
62,Wilkinson Group,Dulux Australia
62,Wilkinson Group, Plastics and Chemicals Industries Association
584,Willard Public Affairs Pty Limited,Mundipharma Pty Ltd
584,Willard Public Affairs Pty Limited,Vertex Pharmaceuticals (Australia) Pty Ltd
584,Willard Public Affairs Pty Limited,Matrix on Board
584,Willard Public Affairs Pty Limited,AR Contracting Services Pty Ltd
584,Willard Public Affairs Pty Limited,MCA Management Services Pty Ltd
584,Willard Public Affairs Pty Limited,United States Chamber of Commerce
584,Willard Public Affairs Pty Limited,G.I Smoker and M.R Tudehope
584,Willard Public Affairs Pty Limited,Sonic Healthcare Limited
591,WILLIAM R & SUSAN V HASSELL,Nicolas Julien Staelens
591,WILLIAM R & SUSAN V HASSELL,Jean Marc Staelens
591,WILLIAM R & SUSAN V HASSELL,Christel Nicole Francine Staelens
591,WILLIAM R & SUSAN V HASSELL,Lucas Staelens
180,Word Worker Pty Ltd,Shoalhaven Water
