agency_id,agency_business_entity_name,lobbyist_name,position,former_government_representative,cessation_date
786,2Triple4 Financial Group Pty Ltd,Justine Jeffery,Consultant,No,""
786,2Triple4 Financial Group Pty Ltd,Phil Cook,Consultant / Director,No,""
271,A D Evers-Buckland,Alan Evers-Buckland,Owner / Former Adviser,Yes,October 2007
605,ABAKUS - Aircraft and Aviation Specialists Pty Limited,Paul Keen,Managing Director,No,""
746,Advisory Street Pty Ltd,Taleen Shamlian,Managing Director,Yes,September 2003
36,Aegis Consulting Group Pty Ltd,Vishal Beri,Managing Director,Yes,July 1997
104,Alkar Pty Ltd,Allan King,Director,No,""
788,All Points North Advisory Pty Ltd,Ewen Thomas Jones,Managing Director,Yes,July 2017
671,ALSADA TECHNOLOGY PTY. LIMITED ,ALAN FUNG,DIRECTOR,No,""
745,AMG Consulting Services Pty Ltd,Colin Michael Warnock,Director,No,""
666,APEC Lawyers and Consultants Pty Ltd.,Mr. Kam Sham LEUNG,Managing Director,No,""
666,APEC Lawyers and Consultants Pty Ltd.,Dr. Robert John Cooke,Executive Director,No,""
666,APEC Lawyers and Consultants Pty Ltd.,Ms Debra Kaye Cooke,Executive Director,No,""
415,APS Networking Pty Ltd,Anthony Stewart,Director,Yes,March 2011
588,Argos Consulting,Brett Robin Hilder,Owner,No,""
499,Asia Pacific Corporation Pty Ltd,Kenneth Warren Crooke,Director,Yes,August 2004
770,Asys Consulting,Anthony Nagy,Director,No,""
770,Asys Consulting,Matt Stevens,Director,No,""
63,AusAccess Unit Trust,Mark Ridgway,Chairman,Yes,May 1994
747,Australian Industry Facilitation,David Mitchell,Chief Executive Officer,Yes,August 2005
234,Australian Project Developments Pty. Ltd.,Rod Brown,Consultant,Yes,June 1996
45,Australian Public Affairs Limited Partnership,Rodney Frail,Director  Media and Issues Management,No,""
45,Australian Public Affairs Limited Partnership,Michael Gleeson,Senior Consultant,No,""
45,Australian Public Affairs Limited Partnership,Amanda Parker,Senior Consultant,No,""
45,Australian Public Affairs Limited Partnership,Nick Trainor,Consultant,Yes,August 2016
45,Australian Public Affairs Limited Partnership,Priya Kumar,Consultant,No,""
135,Australian Spectrum Consultants Pty Ltd,Bill McDonald,Managing Director,Yes,September 1989
42,Aviops Pty Ltd acting as trustee for the McCormack Family Trust,Errol John McCormack,Director,Yes,June 2001
139,Bartholomew Quinn and Associates,David Quinn,Managing Director,No,""
338,Barton Deakin ,Grahame Morris,Federal Director ,Yes,September 1997
338,Barton Deakin ,John Griffin,Director,Yes,February 1997
338,Barton Deakin ,Matt Hingerty,CEO and MD ,Yes,June 2012
338,Barton Deakin ,David Alexander,Managing Director (Federal),Yes,November 2007
338,Barton Deakin ,Anthony Benscher,Managing Director (NSW),Yes,July 2000
338,Barton Deakin ,Eacham Curry ,Managing Director (WA),Yes,February 2005
338,Barton Deakin ,Gerard Paynter,Managing Director (QLD),No,""
338,Barton Deakin ,Andrew Humpherson ,Director ,Yes,July 2010
338,Barton Deakin ,Vanessa Findaly,Director ,Yes,July 2016
186,BBS Communications Group Pty Ltd,Lisa Nixon,Director,No,""
186,BBS Communications Group Pty Ltd,Daniel Pollard,Associate,Yes,September 2008
583,BDaaS Consulting Pty Ltd,Dale Senti,Managing Director,No,""
162,Belman Consulting Pty Ltd,Liam Bathgate,Director,Yes,March 1983
110,Bluegrass Consulting Pty Ltd,Rodd Pahl,Managing Director,No,""
614,Bossy Group Pty Ltd,Peter Michael McMahon,Principal Consultant,Yes,November 2006
6,Bramex Pty Ltd,Ross Ramsay (Mr M R Ramsay),Managing Director,Yes,June 1988
6,Bramex Pty Ltd,Barbara Ramsay  (Mrs B Ramsay),Director,Yes,March 1988
657,Brent William Knevett,Brent William Knevett,Managing Principal,Yes,October 2001
662,BroadSpectrum Consultants Pty Ltd,Andrew James King,Director,No,""
131,BTelecom Pty Ltd,Sarina Le,Director,No,""
131,BTelecom Pty Ltd,Greg Fonti,General Manager,No,""
52,Bush Consulting Services Pty Ltd,Simon Bush,Managing Director,Yes,March 2000
760,Bushido International Pty Ltd,Peter James WHITE,Chief Executive,No,""
654,C2hills Investments Pty Limited,Cara Leanne Dale,Director/Consultant,No,""
654,C2hills Investments Pty Limited,Matthew David Field,Business Consultant,No,""
654,C2hills Investments Pty Limited,Danielle Ann Maltman,Business Consultant,No,""
789,Cahill and Bailey Pty Ltd,Casey Cahill,Managing Partner,No,""
789,Cahill and Bailey Pty Ltd,Simon Bailey,Partner,No,""
700,Campaigns and Communications Group P/L,Ross Bruce Hawker,Managing Director,Yes,September 2013
700,Campaigns and Communications Group P/L,Graeme John Wedderburn,Company Director,Yes,September 2013
787,Capetal Advisory Pty Ltd,Nathan Paine,Chief Executive Officer,No,""
787,Capetal Advisory Pty Ltd,Matthew Clemow,Director,No,""
556,Capital Hill Advisory Pty Ltd,Nicholas Campbell,Chairman,Yes,December 1999
556,Capital Hill Advisory Pty Ltd,Michael Photios,Director,No,""
556,Capital Hill Advisory Pty Ltd,Cathy Duncan,Practice Manager,Yes,June 2012
556,Capital Hill Advisory Pty Ltd,David Begg,Director,No,""
556,Capital Hill Advisory Pty Ltd,Ian Hancock,Government Policy Analyst,No,""
556,Capital Hill Advisory Pty Ltd,Christine Kirk,Executive Assistant,No,""
556,Capital Hill Advisory Pty Ltd,Peter Sykes,Consultant,No,""
556,Capital Hill Advisory Pty Ltd,Alexander Gibson,Advisor,No,""
556,Capital Hill Advisory Pty Ltd,Sarah Cullens,Senior Consultant,Yes,February 2016
556,Capital Hill Advisory Pty Ltd,Stefanee Lovett,Managing Director,Yes,September 2015
556,Capital Hill Advisory Pty Ltd,Kathryn Conroy,Manager Public Affairs,Yes,November 2008
558,Catherine Emma Rocchi,Cate Rocchi,CEO,No,""
601,Catherine McGovern,Catherine McGovern,Principal,Yes,May 2000
191,"Cemdia Pty, Ltd",Hendrik Prins,Managing Director,Yes,October 1987
743,CETE Consulting Pty Ltd,Cameron Thomson,Managing Director,Yes,June 1995
265,CGP solutions Ltd,Paddy Costanzo,Principal & Director,Yes,May 1992
157,Chikarovski & Associates Pty Ltd,Kerry Chikarovski,Director,Yes,March 2003
157,Chikarovski & Associates Pty Ltd,Emily Young,Lobbyist,No,""
113,CHRIS SCHACHT,CHRIS SCHACHT,OWNER/MANGER,Yes,March 1996
764,Christmas Jalili Pty Ltd,Damon Jalili,Principal,Yes,August 2016
475,Clifton Consulting Services Pty Ltd,John Ridley,Principal,No,""
475,Clifton Consulting Services Pty Ltd,Ken Davis,Senior Consultant,No,""
475,Clifton Consulting Services Pty Ltd,Louisa McPhee,Senior Consultant,No,""
475,Clifton Consulting Services Pty Ltd,Kerren Clark,Senior Consultant,No,""
475,Clifton Consulting Services Pty Ltd,Philip Goslin,Senior Consultant,No,""
79,CMAX Communications Pty Ltd,Tara Taubenschlag,Managing Director,No,""
79,CMAX Communications Pty Ltd,Christian Taubenschlag,Managing Partner,Yes,October 2009
79,CMAX Communications Pty Ltd,Jennifer Doggett,Government Relations Adviser,Yes,January 1996
79,CMAX Communications Pty Ltd,Jacob Traeger,Account Manager,No,""
79,CMAX Communications Pty Ltd,Adele Langton,Government Relations Adviser,Yes,September 2013
79,CMAX Communications Pty Ltd,Davina Langton,Government Relations Adviser,Yes,June 2009
79,CMAX Communications Pty Ltd,Ashley Rice,Government Relations Adviser,No,""
79,CMAX Communications Pty Ltd,Ross Macdonald,Government Relations Adviser,Yes,July 2016
79,CMAX Communications Pty Ltd,Kiya Taylor,Government Relations Adviser,No,""
79,CMAX Communications Pty Ltd,Vanessa Sung,Government Relations Adviser,No,""
428,CMGRP Pty Ltd,Jacquelynne Willcox,Managing Director and Executive Vice President,No,""
428,CMGRP Pty Ltd,Eliza Newton,Senior Account Director,No,""
428,CMGRP Pty Ltd,Alistair Nicholas,Director Special Projects,Yes,October 2000
428,CMGRP Pty Ltd,Megan McCarthy,Senior Account Manager,No,""
428,CMGRP Pty Ltd,Justin Yuen,Account Manager,No,""
472,Comsult(Aust) Pty Ltd,Leslie James Davey,Director Engineering and Regulatory,No,""
625,Connect GR Pty Ltd as Trustee for Connect GR Unit Trust,Dave Coggin,Director,Yes,May 2010
625,Connect GR Pty Ltd as Trustee for Connect GR Unit Trust,Anthony Hasluck,Director,No,""
142,Consilium International Group Pty Ltd,Michael Zarew,Managing Director,No,""
638,Contextual Communications Pty Ltd,Cassandra Scott,Managing Director,Yes,January 2002
453,Cornerstone Group Australia ,Joseph Tannous ,Executive Director ,Yes,February 2004
453,Cornerstone Group Australia ,Dr. John Tierney OAM ,Special Counsel ,Yes,April 2005
453,Cornerstone Group Australia ,Mark Egelstaff,Strategy and Policy Manager,No,""
160,Cotterell Jannette Suzanne,Serena McAdam,Policy Analyst,No,""
160,Cotterell Jannette Suzanne,Jessica Wright,Senior Consultant,No,""
403,Covance Pty Ltd (Covance Market Access Services division),Carol Lee,Manager Health Economics,No,""
403,Covance Pty Ltd (Covance Market Access Services division),Adam Gordois,Director Health Economics,No,""
403,Covance Pty Ltd (Covance Market Access Services division),Heather McElroy,Director Health Economics,No,""
299,CPI Strategic Pty Ltd,Stephen John Newnham,Director,Yes,April 2004
299,CPI Strategic Pty Ltd,Frederick John Brown,Director,Yes,November 2007
683,Craig Emerson Economics Pty Ltd,Craig Emerson,Managing Director,Yes,September 2013
783,Craig Hodges,Craig Hodges,Consultant,No,""
193,CRAKYL Pty Ltd,Craig Stephen MUNNINGS,Director,No,""
105,CreditWise Pty Ltd,Stephen Mark Edwards,Director / Solicitor,No,""
580,Crosby Textor Research Strategies Results,Andrew Laidlaw,Director Campaign Communications,No,""
580,Crosby Textor Research Strategies Results,Leanne White,Senior Consultant,Yes,April 2003
580,Crosby Textor Research Strategies Results,George Brougham,Campaign Consultant,No,""
580,Crosby Textor Research Strategies Results,Giorgia Christmas,Consultant,Yes,October 2015
580,Crosby Textor Research Strategies Results,Yaron Finkelstein,CEO Australasia ,Yes,February 2006
580,Crosby Textor Research Strategies Results,Andrew Hirst,Director and Head of Canberra Liaison,Yes,October 2015
580,Crosby Textor Research Strategies Results,Justin de Domenico ,Senior Consultant,Yes,October 2016
153,Cultural Consulting,Mr Peter O'Neill OAM,Principal Consultant,No,""
153,Cultural Consulting,Dr Robert Goodfellow,Principal Consultant,No,""
386,Currie Communications,Susan McNair,Managing Director,No,""
386,Currie Communications,Mark Paterson,Principal,No,""
10,Cynergy Pty Ltd,Norman Bruce Higgs,Managing Director,No,""
221,Damian McGreevy Consulting Pty Ltd,Damian McGreevy,Principal,Yes,March 2009
16,Day & Hodge Associates Pty Ltd,Stephen Hodge,Director,No,""
16,Day & Hodge Associates Pty Ltd,Adrienne Day-Hodge,Director,No,""
360,Diplomacy Pty Limited,Adam Kilgour,Managing Director,Yes,July 1993
360,Diplomacy Pty Limited,Josh Williams,Director,No,""
360,Diplomacy Pty Limited,Anthony Reed,Associate Director,No,""
454,Discourse Consulting Pty Ltd,Belinda Neal,Director,Yes,August 2010
454,Discourse Consulting Pty Ltd,John Della Bosca,Director,No,""
624,Donna Edman,Donna Therese Edman,CEO,Yes,March 1999
172,Dr Robert Horton,Robert Horton,Principal,Yes,June 2005
792,Du Bious Holdings Pty Ltd,Peter Sekuless,Director,Yes,January 1976
515,Dunns4 Consulting Pty Ltd,Stephen James Dunn,Managing Director,Yes,June 2010
263,ED & Associates Pty Ltd,Edmund Ng,Director,No,""
344,Electrotech Australia Pty Limited,John O'Toole,Operations Mnager,No,""
344,Electrotech Australia Pty Limited,Stephen Penny,Sales Engineer,Yes,January 2006
344,Electrotech Australia Pty Limited,Chris Taylor,Sales Engineer,No,""
344,Electrotech Australia Pty Limited,Stephen Renkert,General Manager,No,""
344,Electrotech Australia Pty Limited,Judy Renkert,Director,No,""
344,Electrotech Australia Pty Limited,Stephen Burney,Sales Engineer,No,""
734,Emerald Corporate Group Pty Ltd,George Papadopoulos,Managing Director,No,""
31,Endeavour Consulting Group Pty Ltd,Mark Baker,Partner,Yes,July 2002
31,Endeavour Consulting Group Pty Ltd,Jeff Townsend,Partner,Yes,June 1986
31,Endeavour Consulting Group Pty Ltd,Paul Chamberlin,Partner,Yes,October 2007
31,Endeavour Consulting Group Pty Ltd,Fiona Landis ,Associate Partner,Yes,April 2010
74,Enhance Corporate Pty Ltd,James Peter Elder,Executive Chairman,No,""
71,Essential Media Communications Pty Ltd,Peter Lewis ,Director,No,""
71,Essential Media Communications Pty Ltd,Olivia Greentree,Senior Account Manager,Yes,February 2013
71,Essential Media Communications Pty Ltd,Tony Douglas,Director,No,""
71,Essential Media Communications Pty Ltd,Elisa Fernandes Carvalho,Communications Consultant,No,""
71,Essential Media Communications Pty Ltd,Ann Jessica Kendall,Communications Consultant,No,""
71,Essential Media Communications Pty Ltd,Tim O'Halloran,Associate Director,Yes,June 2015
71,Essential Media Communications Pty Ltd,Jane Garcia,Account Manager,No,""
71,Essential Media Communications Pty Ltd,Peter Stahel,Client Manager,No,""
71,Essential Media Communications Pty Ltd,Siobhan Lyttle,Communications Consultant ,No,""
71,Essential Media Communications Pty Ltd,Darren Rodrigo,Account Manager,No,""
71,Essential Media Communications Pty Ltd,Marie Bout,Communications Consultant,No,""
71,Essential Media Communications Pty Ltd,Jenny Stokes,Account Manager,No,""
71,Essential Media Communications Pty Ltd,Leesa Maroske,Communications Consultant,Yes,September 2016
71,Essential Media Communications Pty Ltd,Monique Vandeleur,Communications Consultant,Yes,September 2016
564,Etched Communications Pty Ltd,Andrew Butler,Managing Director,No,""
564,Etched Communications Pty Ltd,Peter Wilkinson,Chairman,No,""
564,Etched Communications Pty Ltd,Beroze Dubash,Consultant,No,""
776,Extended Lifestyle Int. Pty Ltd,Peter Gregory Gesling,Director,Yes,September 2016
324,FCC Partnership Pty Ltd,Hugh Fraser,Managing Director,No,""
214,FIPRA Australia Pty Limited,John Richardson,Principal,Yes,May 1995
214,FIPRA Australia Pty Limited,Stephen Coutts,Director,No,""
295,Five Corners Pty Ltd,Deborah Bell,Director Five Corners Pty Ltd,No,""
484,FPL Advisory Pty Ltd,Steve Cusworth,Director,No,""
484,FPL Advisory Pty Ltd,Susanne Porter,Operations and Digital Communications Manager,No,""
484,FPL Advisory Pty Ltd,Sam Perkins,Policy Analyst,No,""
738,Freight  Trade Alliance (FTA) Pty Ltd,Travis Brooks-Garrett,Commercial and Strategy,No,""
738,Freight  Trade Alliance (FTA) Pty Ltd,Paul David Zalai,Director,Yes,June 1999
333,FTI Consulting (Perth) Pty Ltd,Cameron Morse,Managing Director Corporate and Public Affairs,No,""
333,FTI Consulting (Perth) Pty Ltd,Michael Groves,Director,No,""
333,FTI Consulting (Perth) Pty Ltd,Katina Hodson Thomas,Director,Yes,September 2008
333,FTI Consulting (Perth) Pty Ltd,Shane Murphy,Senior Director,No,""
333,FTI Consulting (Perth) Pty Ltd,Elodie Castagna,Senior Consultant,No,""
678,FTI Consulting (Sydney) Pty Ltd as Trustee for the Third Person Communication Trust ,Steve Murphy ,Senior Director ,No,""
678,FTI Consulting (Sydney) Pty Ltd as Trustee for the Third Person Communication Trust ,Robert Hadler ,Senior Adviser,No,""
678,FTI Consulting (Sydney) Pty Ltd as Trustee for the Third Person Communication Trust ,Ben Hamilton,Senior Director ,No,""
742,G2 Media,Graham Gittins,Proprieter,No,""
460,Gabrielle Trainor,Gabrielle Trainor,Proprietor,No,""
1,Gambolling Pty Ltd,Stephen Carney,Principal,Yes,January 1976
1,Gambolling Pty Ltd,Stephen Youll,Consultant,Yes,May 1984
1,Gambolling Pty Ltd,Jane Beer,PA/Consultant,Yes,August 2016
375,Gell Southam Group Pty Ltd,Patrick Southam,Principal,No,""
185,Geoff Conlon,Geoff Conlon,Sole Trader,No,""
754,Geoffrey Michael Brennan,Geoffrey Brennan,Owner,Yes,October 1995
238,GIMC Consulting,Gregory Cupitt,Manager,Yes,December 2007
150,Glide Pty Ltd,Gail White,Senior Consultant,No,""
150,Glide Pty Ltd,Michael Woodhouse,Director,No,""
561,Global Issues Group,Gregory Rowe Picker,Director,Yes,January 2009
750,GovCorp Pty Ltd,Nikola Vujasin,Director,No,""
7,Government Relations Solutions Pty Ltd,Wendy Matthew,Administration / Research,No,""
7,Government Relations Solutions Pty Ltd,Hon. Wayne Matthew ,Director,Yes,April 2006
125,Govstrat Pty Ltd,Damian Power,Director,No,""
125,Govstrat Pty Ltd,the Hon Robert Borbidge AO,Senior Counsel and Principal Adviser,No,""
125,Govstrat Pty Ltd,Jeff Popp,Principal Adviser,No,""
630,GPotts,Geoff Potts,Principal,Yes,December 2004
122,GRA Everingham Pty Ltd,Paul Everingham,Founder and Director ,Yes,February 2003
122,GRA Everingham Pty Ltd,Jason Marocchi,Managing Director ,No,""
122,GRA Everingham Pty Ltd,Amanda Reid,Director,Yes,January 2002
122,GRA Everingham Pty Ltd,Kareece van der Woude,Client Support,No,""
122,GRA Everingham Pty Ltd,Hon Eric Ripper,Chairman,No,""
122,GRA Everingham Pty Ltd,Tim Fettis,Associate,No,""
122,GRA Everingham Pty Ltd,Patrick Fagan,Associate Director ,Yes,September 2015
59,GRACosway Pty Ltd,Richard Victor King,Partner,Yes,February 2000
59,GRACosway Pty Ltd,Alexander Cramb,Partner,Yes,January 2008
59,GRACosway Pty Ltd,Paolo Giovanni Bini,Partner,Yes,November 1995
59,GRACosway Pty Ltd,Kirsten Mulley,Partner,No,""
59,GRACosway Pty Ltd,Leslie Graham Timar,CEO,No,""
59,GRACosway Pty Ltd,Trista Rochelle Grainger,Consultant,No,""
59,GRACosway Pty Ltd,Brent Crockford,Director,Yes,December 2007
59,GRACosway Pty Ltd,Sean Alexander Johnson,Director,Yes,December 2007
59,GRACosway Pty Ltd,Nicolaos Xerakias,Director,Yes,December 2007
59,GRACosway Pty Ltd,Peter Greenwood,Director,Yes,December 2007
59,GRACosway Pty Ltd,Matthew Ryan Mackay,Research and Policy Analyst,No,""
59,GRACosway Pty Ltd,Duncan Thomas McDonald,Research and Policy Analyst,No,""
59,GRACosway Pty Ltd,Paul Ian Lobban,Director,No,""
59,GRACosway Pty Ltd,Jinesh Patel,Director,No,""
59,GRACosway Pty Ltd,Liam Nilon,Research and Policy Analyst,No,""
59,GRACosway Pty Ltd,Erin Germantis,Research and Policy Analyst,No,""
59,GRACosway Pty Ltd,Zoe Darling,Research and Policy Analyst,Yes,June 2016
59,GRACosway Pty Ltd,Kirk Alexander Stubbs,Research and Policy Analyst,No,""
26,Halden Burns Pty Ltd,John Halden,Principal,No,""
26,Halden Burns Pty Ltd,Anne Burns,Principal,No,""
717,Hartrim Nominees Pty Ltd,Lorraine Wreford,Director,No,""
96,Hawker Britton Group Pty Ltd,Simon Banks,Managing Director,Yes,November 1999
96,Hawker Britton Group Pty Ltd,Stephen Halliday,Director,No,""
96,Hawker Britton Group Pty Ltd,Philip Reed,Director,No,""
96,Hawker Britton Group Pty Ltd,Claire March ,Director ,Yes,September 2013
96,Hawker Britton Group Pty Ltd,Eamonn Fitzpatrick,Director,Yes,September 2013
137,Health Communincations Australia Pty Limited,Felicity Moffatt,Group Account Director,No,""
137,Health Communincations Australia Pty Limited,Geoffrey Quayle,Executive director,No,""
8,Hill and Knowlton,Ian Westbrook,Head of Financial and Investor Communication,No,""
765,IALPG PTY LTD,Joseph Wheeler,Principal,No,""
765,IALPG PTY LTD,Harold Foxton,Solicitor,No,""
674,Ian Peregrine Desborough,Ian Desborough,Principal,No,""
541,Innovative Electronics Pty Ltd,Richard Carl Jacobsen,Engineer,Yes,March 1997
714,Insight Strategy Pty Ltd,Jody Fassina,Director,Yes,April 2001
170,Intech Strategies P/L,Barry Batagol,Director,No,""
38,Intercorp Pty Ltd,Sonnie Lipshut,Chairman,No,""
38,Intercorp Pty Ltd,Daniel Lipshut,Managing Director,No,""
38,Intercorp Pty Ltd,Jack Baldwin,Marketing Manager,No,""
103,Ivydale Nominees Pty Ltd,Richard Taylor,Senior Consultant,No,""
103,Ivydale Nominees Pty Ltd,Des Riley,Director,No,""
103,Ivydale Nominees Pty Ltd,Clint Ford,Senior Consultant,No,""
103,Ivydale Nominees Pty Ltd,The Hon James G Clarko AM AE JP,Senior Associate,Yes,December 1996
103,Ivydale Nominees Pty Ltd,Michael Megaw,Senior Associate,Yes,November 1996
586,Jenkins Engineering defence Systems Pty Ltd,Peter Jenkins,Managing Director,Yes,November 1989
586,Jenkins Engineering defence Systems Pty Ltd,Bengt Redder Larsen,Marketing Manager,No,""
319,Jo Scard Pty Ltd,Jo Scard,Business Founder former adviser to former Minister for Immigration & Citizenship until 14/9/10,Yes,September 2010
319,Jo Scard Pty Ltd,Jackie Hanafie,Director,No,""
319,Jo Scard Pty Ltd,Margret Biersack,Operations Director,No,""
319,Jo Scard Pty Ltd,Elise Dare,Associate,No,""
319,Jo Scard Pty Ltd,Patria Manalili,Associate,No,""
319,Jo Scard Pty Ltd,April Leggett,Associate,No,""
319,Jo Scard Pty Ltd,Alys Clare Wemyss Francis,Associate,No,""
56,John C Blackwell,John Blackwell,Principal,No,""
101,John Connolly & Partners Pty Limited,John Michael Connolly,Partner,No,""
241,John Cook,Dr John Cook,Principal,Yes,April 2009
731,John McDonald,John C. McDonald,Independent Disability Researcher and Representative.,No,""
78,John O'Connor and Associates Pty Ltd,John O'Connor,Director,No,""
255,John Scott Barker,Thomas Michael O'Meara,Consultant,No,""
255,John Scott Barker,John Scott Barker,Principal,Yes,February 1996
264,"John, Susan Maree",Sue John,Principal,No,""
773,Joint Venture Consulting Group P/L,Hon Ljiljanna Ravlich,Director,Yes,March 2015
410,Justine Caines,Justine Caines,Principal,No,""
576,KENDAL AND ASSOCIATES,STEPHEN KENDAL,CONSULTANT,Yes,December 2000
621,KnowMinister.com Pty Ltd,Denise Frances Williams,Consultant,No,""
621,KnowMinister.com Pty Ltd,Martin Wallace Jones,Managing Director,No,""
775,Kommerz Pty Ltd,Zoe McKenzie,Director,Yes,March 2016
115,KPMG,Warwick Ryan,Director,Yes,January 1993
115,KPMG,Stefano Moritsch,Senior Consultant,No,""
115,KPMG,Jeremy Murdoch,Consultant,No,""
115,KPMG,Johannes Van Der Walt,Senior Consultant,No,""
465,LATAF CONSULTING ,Jeffrey Russell Hart,Adviser/Consultant,Yes,April 2010
519,Lawrence Media Services Pty Ltd,Robert Lindsay LAWRENCE,Chairman,Yes,November 2004
4,Leisure SolutionsÂ®,Angus Muir Robinson,Managing Partner,No,""
223,Leonie M. Short,Ms Leonie Marjorie Short,Consultant,Yes,November 2001
777,Lindsay Tanner,Lindsay James Tanner,sole trader,Yes,September 2010
566,London Agency Pty Ltd,John Emmerson,Account Director,No,""
566,London Agency Pty Ltd,Kirsten Marks,Healthcare Consultant,No,""
566,London Agency Pty Ltd,Annette Stenhouse,Account Manager,No,""
566,London Agency Pty Ltd,Sophie Herlihy,Account Manager,No,""
13,LOPAC Consulting Pty Limited,Brian Maxwell Cather,Director,Yes,January 1998
13,LOPAC Consulting Pty Limited,Robert Sidney Parker,Managing Director,Yes,June 2005
774,Lunik Pty Ltd,Emily Minson,Director,Yes,July 2008
774,Lunik Pty Ltd,Zackary McLennan,Director,No,""
258,Lyndon George Pty Ltd,Hellen Georgopoulos,Director,Yes,November 2008
258,Lyndon George Pty Ltd,Gregory Lyndon Mole,Director,Yes,December 2007
80,MacGregor Public Relations,John MacGregor,Managing Director,No,""
119,Macquarie Group Limited,Kristine Neill,Executive Director Corporate Communications  Investor Relations,No,""
119,Macquarie Group Limited,Navleen Prasad,Division Director Corporate Communications and Investor Relations Division,No,""
119,Macquarie Group Limited,Marina Polita,Senior Manager Corporate Communications and Investor Relations Division,No,""
578,Making The World A Better Place Pty Ltd,Gregory Peter Rudd,Managing Director,Yes,March 1996
245,Marketing Elements Pty Ltd,Cecelia Haddad,Director,No,""
425,Maser Defence Pty Ltd,Graham Elliott,General Manager,No,""
425,Maser Defence Pty Ltd,Jamie Johnson,Business Development Manager,Yes,June 2011
179,McGrane-Fitzgerald Unit Trust,Robert Hennessy-Hawks,Lobbyist,No,""
201,Media Affairs,George Hazim,Director,No,""
132,Megan Anwyl,Megan Anwyl,Director,Yes,February 2001
132,Megan Anwyl,Liz Vivian,Research Assistant,Yes,April 2005
720,MIBD Strategy ,Marc (Meir) Itzchaki,Principal ,Yes,December 2014
452,Michael Johnson Associates Pty Limited,Kris Kendall Gale,Chairman,No,""
452,Michael Johnson Associates Pty Limited,Sarah Louise Lander,Partner,No,""
452,Michael Johnson Associates Pty Limited,Melanie Rose Reen,Managing Partner,No,""
452,Michael Johnson Associates Pty Limited,Ian Michael RossGowan,Director,No,""
444,Michael Megaw,Michael Curnow Megaw,Owner,Yes,November 1996
752,MMJ Consulting,Melissa Cheesman-Faull,Director,Yes,May 1997
696,MOUNTAIN MEDIA PTY LTD,JULIEANNE STRACHAN, CANBERRA MANAGER,No,""
696,MOUNTAIN MEDIA PTY LTD,PHILIP JAMES DAVEY,DIRECTOR,No,""
696,MOUNTAIN MEDIA PTY LTD,Timothy Kevin Vollmer,Consultant,No,""
356,Mr John Kindler,John Walter Kindler,Owner,Yes,March 2004
677,Naylor Phillip Gordon,Phillip Gordon Naylor,Principal,No,""
565,Newgate Communications Pty Limited,Brian Tyson,Managing Partner,No,""
565,Newgate Communications Pty Limited,Feyi Akindoyeni,Partner,No,""
565,Newgate Communications Pty Limited,Jodie Brough,Partner,No,""
565,Newgate Communications Pty Limited,Michael van Maanen,Partner,Yes,February 2008
565,Newgate Communications Pty Limited,Sophie Travers,Senior Consultant,No,""
565,Newgate Communications Pty Limited,Jeremy Vine,Senior Consultant,No,""
565,Newgate Communications Pty Limited,Greg Baxter,Partner,No,""
565,Newgate Communications Pty Limited,James Larsson,Associate Partner,Yes,November 2007
565,Newgate Communications Pty Limited,Steve Lewis,Senior Advisor,No,""
565,Newgate Communications Pty Limited,Simon Troeth,Associate Partner,Yes,November 2007
565,Newgate Communications Pty Limited,Sam Deans,Consultant,No,""
565,Newgate Communications Pty Limited,Helen Moreland,Associate Partner,Yes,April 2015
565,Newgate Communications Pty Limited,Gail Morgan,Associate Partner,Yes,May 2006
565,Newgate Communications Pty Limited,Matthew Francis,Associate Partner,Yes,June 2015
565,Newgate Communications Pty Limited,Richard Collyer,Associate Partner,No,""
565,Newgate Communications Pty Limited,Adam Le Lievre,Senior Consultant,Yes,March 2016
565,Newgate Communications Pty Limited,Claire Bremner,Associate Partner,Yes,April 2006
565,Newgate Communications Pty Limited,Phillip Kelly,Senior Adviser,No,""
565,Newgate Communications Pty Limited,Kathryn Turnbull,Consultant,No,""
565,Newgate Communications Pty Limited,Sara Hourigan,Senior Consultant,No,""
766,Next Level Strategic Services Pty Ltd,David Moore,Director,Yes,November 2007
766,Next Level Strategic Services Pty Ltd,Cameron Milner,Director,No,""
766,Next Level Strategic Services Pty Ltd,Stephen Beckett,Senior Manager,No,""
766,Next Level Strategic Services Pty Ltd,Madeline Simmonds,Senior Advisor,No,""
3,Oceanic Solutions Pty Ltd,Dr Jeremy Ranicar,Director,Yes,September 1995
86,Ogilvy PR Health,Leon Beswick,Managing Director,No,""
86,Ogilvy PR Health,Rachel Stanton,Senior Account Director,No,""
86,Ogilvy PR Health,Kate Parson,Senior Consultant,No,""
86,Ogilvy PR Health,Michael Lane,Account Manager,No,""
86,Ogilvy PR Health,Chloe Dougherty,Account Executive,No,""
86,Ogilvy PR Health,Tania Jayesuria,Practice Director,No,""
86,Ogilvy PR Health,Ashley Chrysler,Account Manager,No,""
86,Ogilvy PR Health,Carly Vale,Senior Consultant,No,""
86,Ogilvy PR Health,Alex McInnes,Account Coordinator,No,""
632,One Degree Advisory,Andrew Graham Farrant,Principal,No,""
670,Open Spectrum Pty Ltd,Juan Pablo Casetta,Director,Yes,September 2014
744,O'Reilly Consulting,Mike O'Reilly,Director Proprietor,No,""
72,Parker & Partners Pty Ltd,Peta Lange,Director,Yes,January 2009
72,Parker & Partners Pty Ltd,Arli Miller,Director,No,""
72,Parker & Partners Pty Ltd,Susan Redden Makatoa ,Group Managing Director Corporate,No,""
72,Parker & Partners Pty Ltd,Fiona Forbes,Director,No,""
72,Parker & Partners Pty Ltd,Yat Shum,Account Coordinator,No,""
72,Parker & Partners Pty Ltd,Ksenya Belooussova,Senior Account Manager,No,""
72,Parker & Partners Pty Ltd,Nino Tesoriero,Director,Yes,December 2012
72,Parker & Partners Pty Ltd,Nicole Quinn,Director,Yes,December 2009
298,Pavilion Consulting Pty Ltd,Nicholette Ann Conway,Principal ,No,""
736,Peter Kane,Peter Kane,Principal,Yes,July 2009
546,Policy Australia Pty Ltd,Carolyn Dalton ,Executive Director ,Yes,July 2003
318,Porter Novelli Australia Pty Ltd,Peter Kent,Chief Executive,No,""
318,Porter Novelli Australia Pty Ltd,Patrick McClelland,Managing Partner,No,""
318,Porter Novelli Australia Pty Ltd,Rhys Ryan,Managing Partner,No,""
318,Porter Novelli Australia Pty Ltd,Arjun Ganeshalingam,General Manager,No,""
318,Porter Novelli Australia Pty Ltd,Jennifer Hill,Senior consultant,Yes,August 2014
516,Premier State Consulting Pty Ltd,Michael Photios,Chairman,No,""
516,Premier State Consulting Pty Ltd,David Begg,Partner,No,""
516,Premier State Consulting Pty Ltd,Nick Campbell,Partner,Yes,December 1999
516,Premier State Consulting Pty Ltd,Ian Hancock,Director,No,""
516,Premier State Consulting Pty Ltd,Christine Kirk,Executive Assistant,No,""
516,Premier State Consulting Pty Ltd,Alex Gibson,Advisor,No,""
220,Primary Communication Pty Ltd,Jennifer Muir,Chief Counsel,No,""
220,Primary Communication Pty Ltd,Christopher Hall,CEO,No,""
283,Probity International Pty. Ltd,Mary Easson,CEO,Yes,March 1996
622,Profile Consulting (Aust) Pty Ltd,Ian R.G. Knop,Director,Yes,June 2006
622,Profile Consulting (Aust) Pty Ltd,Nick Melas,Managing Director,Yes,December 2000
127,PRX Unit Trust,James Aanensen,Consultant,No,""
127,PRX Unit Trust,Michael Kelly,Consultant,No,""
127,PRX Unit Trust,Jim Robb,Senior Consultant,No,""
127,PRX Unit Trust,Brian O'Neil ,Director,No,""
127,PRX Unit Trust,Mark Kerr,Bercon,No,""
127,PRX Unit Trust,Stephen Kerr,Chief Executive,No,""
127,PRX Unit Trust,Patrick Rasmussen,Consultant,No,""
127,PRX Unit Trust,John Mitchell,Consultant,No,""
89,Public Affairs Network Pty Ltd,Rosie Yeo,Director,Yes,April 1995
68,Public Policy Solutions Pty Ltd,Christopher John Fry,Director,No,""
242,Purple Communications Australia Pty Ltd,Warrick Hazeldine,Managing Director,No,""
242,Purple Communications Australia Pty Ltd,Annette Ellis,Director,No,""
242,Purple Communications Australia Pty Ltd,Richard Harris,Director,No,""
242,Purple Communications Australia Pty Ltd,Renee Wilkinson,Account Manager ,No,""
242,Purple Communications Australia Pty Ltd,Bob Stevens ,Account Manager ,No,""
242,Purple Communications Australia Pty Ltd,Astrid Serventy,Associate Director,Yes,October 2013
242,Purple Communications Australia Pty Ltd,Karen Brown,Associate Director,Yes,March 2013
242,Purple Communications Australia Pty Ltd,Chantal Hartstone,Account Manager,No,""
242,Purple Communications Australia Pty Ltd,Matt Birney,Special Counsel,Yes,September 2008
242,Purple Communications Australia Pty Ltd,Vessa Playfair,Director,No,""
242,Purple Communications Australia Pty Ltd,William John Andrew Witham,Special Counsel,No,""
29,Pynfall Pty Ltd,Hannelore Duczek,Managing Director,No,""
446,R A Neilson and M Salmon,Michael Salmon,Director,No,""
446,R A Neilson and M Salmon,Ross Neilson,Director,No,""
492,Rachael Sweeney ,Rachael Sweeney,Director,No,""
492,Rachael Sweeney ,Ashleigh Gilchrist,Communications Consultant,No,""
492,Rachael Sweeney ,Natasha Kociski,Communications Coordinator ,No,""
14,Ranicar and Nicholls Consulting,David Nicholls,Partner,Yes,July 2001
14,Ranicar and Nicholls Consulting,Jeremy Ranicar,Partner,Yes,September 1995
563,"Reith, Peter Keaston",Peter Keaston Reith,Sole Trader,Yes,November 2001
24,Repute Communications and Associates Pty Ltd,Matthew Watson,Managing Director,No,""
98,Res Publica Pty Ltd,Gabriel McDowell,Managing Director,No,""
98,Res Publica Pty Ltd,Kate Bailey,Account Director,No,""
98,Res Publica Pty Ltd,James Tait,Director,No,""
98,Res Publica Pty Ltd,Adam Facer,Account Executive,No,""
98,Res Publica Pty Ltd,Baden Parker Brown,Account Executive,No,""
497,Resolution Junction,Gregory Male,Director,Yes,September 2012
587,Richard Gilbert Corporate Advisory Pty Ltd,Richard Gilbert,Director,Yes,October 1994
35,Richardson Coutts,John Richardson,Director,Yes,May 1995
35,Richardson Coutts,Stephen Coutts,Director,No,""
35,Richardson Coutts,Shannan Manton,Consultant,No,""
44,Richglen Holdings Pty Ltd,Laurie Stroud,Chief Executive,Yes,June 1988
395,Right Angle Business Services Pty Ltd,David Clarence Holland,Director,No,""
395,Right Angle Business Services Pty Ltd,Susan Barbara Jeanes,Consultant,Yes,December 2001
755,RIPNEY PTY LTD,BERNARD RIPOLL,SOLE DIRECTOR,Yes,May 2016
20,RMK Associates (RMKA),John Kananghinis,Director,No,""
20,RMK Associates (RMKA),Angus Nicholls,Senior Associate,Yes,April 2005
669,Royce Communications Pty Ltd,Peter Mahon,Chief Executive,No,""
669,Royce Communications Pty Ltd,Richard Amos,Managing Director,No,""
669,Royce Communications Pty Ltd,Matthew Mahon,General Manager,No,""
771,S Robertson and M Smith,Michael Smith,Partner,No,""
771,S Robertson and M Smith,Stephen Robertson,Partner,No,""
708,Sammway Pty Limited,Samantha Dybac,Lobbyist,No,""
685,Sanlaan Pty Ltd,Hon Santo Santoro,Director,Yes,March 2007
227,SAS Consulting Group Pty Ltd,Peter Costantini ,Chief Executive / Director,No,""
227,SAS Consulting Group Pty Ltd,Victoria Qiu,Director China,No,""
227,SAS Consulting Group Pty Ltd,Lisa Palu,Senior Consultant,No,""
167,Scott & Beaumont Pty Ltd,Glenda Gartrell,Director,No,""
143,Sefiani Communications Group,Todd Loydell,Government Relations Lead,Yes,January 2007
143,Sefiani Communications Group,Jane Keeley,Associate Director,No,""
676,Seismic Asia Pacific Pty Ltd,Paul Leslie Duncan,Managing Director,No,""
676,Seismic Asia Pacific Pty Ltd,Wayne Edward Simmich,Financial Controller,No,""
676,Seismic Asia Pacific Pty Ltd,Denis Vukovac,Technical Marketing Manager,Yes,August 2011
676,Seismic Asia Pacific Pty Ltd,Damian Edwin Mullany,Senior Technician,No,""
171,Shac Communications Pty Ltd ATF The Shac Trust,Simone Holzapfel,Company Director,Yes,July 2003
171,Shac Communications Pty Ltd ATF The Shac Trust,Alyson Richards,Account Director ,Yes,March 2015
681,Simeon Duncan,Simeon Duncan,Principal,Yes,November 2007
82,Socom Pty Ltd,David Hawkins,Chairman,No,""
82,Socom Pty Ltd,Stina Webb ,Consultant ,No,""
82,Socom Pty Ltd,Kath Christie,Senior Consultant,No,""
225,SPIER CONSULTING P/L,HANK SPIER,PRINCIPAL,Yes,August 2000
239,Sports Hydrant Pty Ltd,Andrew Turnbull,CEO,No,""
665,Spring Street Advisory,Ken McAlpine,Managing Director,No,""
490,Staindl Strategic Pty Ltd,Philip Staindl,Director,Yes,April 1982
490,Staindl Strategic Pty Ltd,Jenny Beales,Executive Officer,Yes,March 2008
769,Strategic Partnership Group Pty Ltd,Eric Lindsay Forbes,Director,No,""
753,Strategic Political Counsel Pty Ltd,Michael John Kauter,Founder and Principal Counsel,Yes,December 2014
753,Strategic Political Counsel Pty Ltd,David Gracey,Senior Counsel,No,""
759,Success Group Australia,Geoffrey Greene,Director,No,""
528,SYSTECH Consultants Pty Ltd,Peter Alfred Wirthensohn,Director,No,""
235,The Agenda Group Pty Ltd,James McGarvey,Director,No,""
235,The Agenda Group Pty Ltd,Damian Mannix,Consultant,Yes,October 1996
235,The Agenda Group Pty Ltd,Catherine McGovern,Senior Associate,Yes,May 2000
235,The Agenda Group Pty Ltd,Richard Allsop,Consultant,Yes,March 2001
9,The Canberra Institute,Peter Michael Conway,Director,No,""
292,The Civic Group Holdings Pty Ltd and Highchair Pty Ltd,Jason Aldworth,Director,No,""
292,The Civic Group Holdings Pty Ltd and Highchair Pty Ltd,Andres Puig,Director,No,""
292,The Civic Group Holdings Pty Ltd and Highchair Pty Ltd,Lucy Kozlowski,Senior Account Executive,Yes,November 2010
292,The Civic Group Holdings Pty Ltd and Highchair Pty Ltd,Rora furman,Senior Manager Campaigns,No,""
292,The Civic Group Holdings Pty Ltd and Highchair Pty Ltd,Kathryn Hall,Senior Account executive,Yes,September 2010
292,The Civic Group Holdings Pty Ltd and Highchair Pty Ltd,Sam Bishop,Senior Account Executive,No,""
292,The Civic Group Holdings Pty Ltd and Highchair Pty Ltd,Carlos Ibarra,Senior Account Executive,No,""
90,The Fifth Estate Consultancy Pty Ltd,Bill Hurditch,Principal,No,""
90,The Fifth Estate Consultancy Pty Ltd,Ian Wiskin,Corporate Counsel,Yes,March 1983
790,THE GROVES FAMILY TRUST No.1,Christian Groves,Director,No,""
780,The Hon. Kim Beazley AC,The Hon. Kim Beazley AC,Senior Fellow,Yes,November 2007
757,The Hon. Robert Charles Baldwin,The Hon. Bob Baldwin,Sole Trader,Yes,May 2016
450,The Humphrey Company Pty Limited,Stephen John Youll,Principal,Yes,June 1984
768,The PR Counsel,Kristy McSweeney,Principal,Yes,September 2014
268,The Premier Communications Group Pty Ltd.,Richard Lenarduzzi,Group Director,No,""
268,The Premier Communications Group Pty Ltd.,Ross Grove,Senior Advisor,No,""
705,The Shrimpton Family Trust,Barry Shrimpton,Director,No,""
95,The Strategic Counsel Pty Ltd,Donna Staunton,Managing Director,No,""
95,The Strategic Counsel Pty Ltd,Donna Edman,Senior Associate,Yes,March 1999
95,The Strategic Counsel Pty Ltd,The Hon. Dr Michael Wooldridge,Advisor,Yes,October 2001
95,The Strategic Counsel Pty Ltd,Rebecca McCarthy,Associate,No,""
95,The Strategic Counsel Pty Ltd,Catherine McGovern,Advisor,Yes,May 2000
424,The Taylor Street Consultancy P/L,Christopher Brown,Chairman,No,""
424,The Taylor Street Consultancy P/L,Adam Leto,Senior Advisor,No,""
424,The Taylor Street Consultancy P/L,Tania Hyde,Chief Operating Officer,Yes,February 2007
424,The Taylor Street Consultancy P/L,Luke Turner,Policy Manager,No,""
698,The Trustee for Arthur Trust,Hamish Arthur,Director,No,""
145,The Trustee for Bespoke Business Trust,Ian Smith,Partner,Yes,November 2006
145,The Trustee for Bespoke Business Trust,Delia Obst,Associate,No,""
589,The Trustee for Bespoke Territory Unit Trust,Paul Henderson,Managing Partner,No,""
589,The Trustee for Bespoke Territory Unit Trust,Michael Burgess,Partner,No,""
589,The Trustee for Bespoke Territory Unit Trust,Delia Obst,Associate,No,""
589,The Trustee for Bespoke Territory Unit Trust,Shannon Hee,Associate,No,""
550,The Trustee for Connelly Project Resources,Suzelie Gerardine Connelly,Principal,Yes,March 1997
550,The Trustee for Connelly Project Resources,Michelle Mary Connelly,Principal,No,""
550,The Trustee for Connelly Project Resources,Michael Peter Connelly,Director,No,""
420,The trustee for ECG Advisory Trust,David Gazard,Director,Yes,November 2007
420,The trustee for ECG Advisory Trust,Jonathan Epstein,Director,Yes,November 2007
41,The Trustee for Hilton Valley Investment,Alistair Urquhart,Director,No,""
28,The Trustee for Markeit Family Trust,Keith Blyth,Managing Director,No,""
668,The Trustee for Sandra Eccles Family Trust,Sandra Joy Eccles,Director ,Yes,January 1999
117,The Trustee for the Bowden Family Trust,Bob Bowden,Chief Executive,No,""
256,THE TRUSTEE FOR THE KIRCHMANN FAMILY TRUST,Kelly Makarounas-Kirchmann,Senior Health Economist,No,""
256,THE TRUSTEE FOR THE KIRCHMANN FAMILY TRUST,Matt Kirchmann,Director,No,""
691,The Trustee for Weiderman Trainor Family Trust,Alicia Weiderman,Director,Yes,June 2014
610,The Trusteee for the SRKM Trust,Kate Mills,Director/Principal Consultant,No,""
240,The Write Connection Pty Ltd,Alexandra Brook Kennedy,Director,Yes,April 1992
772,Tokua Pty Ltd,Louise Markus,Principal Consultant,Yes,July 2016
718,Trustee of Kerans Family Trust,Andrew James Kerans,Principal,Yes,January 2014
680,TSB Advisory Pty Ltd,Trevor John Burns,Director,Yes,June 1998
680,TSB Advisory Pty Ltd,Paul Scott,Consultant,No,""
161,Vanguard Consulting and Services Pty Ltd,Mr Kerry Gallagher,Managing Director,No,""
689,Vicom Australia Pty Ltd,Roger Michael Kane,General Manager,No,""
689,Vicom Australia Pty Ltd,David Harris Pearce,Region Manager Aviation and Defence,Yes,August 2006
689,Vicom Australia Pty Ltd,Bruce Campbell Williams,Director,No,""
785,Victory Edge Consulting,Victoria Louisa Martin Matterson,Director,Yes,August 2016
635,Visionary  Enterprising Management Services Pty Ltd,Colin Bruce Shearing,Managing Director,No,""
635,Visionary  Enterprising Management Services Pty Ltd,Graham Alexander Ingerson,Government Relations Specialist,No,""
463,Walker Watterson Holdings Pty Ltd,Hannah Watterson,Director,No,""
463,Walker Watterson Holdings Pty Ltd, Nermin Bajric,Senior Consultant ,No,""
463,Walker Watterson Holdings Pty Ltd,Sidar Thams,Admin/Operations,No,""
463,Walker Watterson Holdings Pty Ltd,Dorothy Kennedy,Senior Consultant,Yes,October 1994
463,Walker Watterson Holdings Pty Ltd,Oisin Ocallaghan ,Senior Consultant ,No,""
463,Walker Watterson Holdings Pty Ltd,Ruth Grigg,Admin/Operations,No,""
463,Walker Watterson Holdings Pty Ltd,Cameron Wells,Senior Consultant,No,""
503,WELLS HASLEM STRATEGIC PUBLIC AFFAIRS PTY. LTD.,Philip John Wells,Chairman,No,""
503,WELLS HASLEM STRATEGIC PUBLIC AFFAIRS PTY. LTD.,Benjamin Haslem,CEO,No,""
503,WELLS HASLEM STRATEGIC PUBLIC AFFAIRS PTY. LTD.,Alexandra Mayhew,Partner,No,""
503,WELLS HASLEM STRATEGIC PUBLIC AFFAIRS PTY. LTD.,Isabelle Caroline Walker,Account Manager,No,""
503,WELLS HASLEM STRATEGIC PUBLIC AFFAIRS PTY. LTD.,Timothy Christopher Mantiri,Account Executive,No,""
503,WELLS HASLEM STRATEGIC PUBLIC AFFAIRS PTY. LTD.,Kathy Patricia Lindsay,Account Director,No,""
584,Willard Public Affairs Pty Limited,David Miles,Principal,Yes,October 2002
584,Willard Public Affairs Pty Limited,Matthew Moran,Principal,No,""
584,Willard Public Affairs Pty Limited,Andrew Plumley,Director,No,""
584,Willard Public Affairs Pty Limited,Mary Andrew,Consultant,No,""
584,Willard Public Affairs Pty Limited,Rosemary Apps,Office Manager,No,""
591,WILLIAM R & SUSAN V HASSELL,William Ralph Boucher Hassell,Principal of firm,No,""
751,Woodhill Communication Pty Ltd,Stephen Woodhill,Director,Yes,June 2011
737,WORD TUCKER PTY LTD,LESLIE GABRIEL WONG,PRINCIPAL,No,""
641,Wurley Group Pty Ltd,Sarah Bernice Griffin,Principal,No,""
